基金代码,degree,betweenness,closeness,eigenvector
FUZMMF,0.6758620689655171,0.0001667500664111342,0.7552083333333334,0.027566371170955
FUZMMA,0.8778325123152708,0.0003288756188756582,0.8911325724319579,0.03548014917241281
FUZMUU,0.7359605911330048,0.0001753957776479351,0.7911145752143414,0.030297460627555006
FUZMUF,0.7359605911330048,0.0001753957776479351,0.7911145752143414,0.030297460627555006
FUZMUZ,0.8600985221674876,0.0003504348391650583,0.8772687986171133,0.034665561102671834
FUZMXU,0.8995073891625615,0.0003268074567676518,0.9086839749328559,0.036294381953622085
FUZMXD,0.8354679802955665,0.00022820695152366976,0.8587140439932318,0.03424119885669229
FUZMFD,0.7359605911330048,0.0001753957776479351,0.7911145752143414,0.030297460627555006
FUZMAS,0.5497536945812808,9.550405326850656e-05,0.6895380434782609,0.022564425653886933
FUZMZF,0.7724137931034483,0.00022785743121129026,0.8146067415730337,0.031536744433502344
FUZUUF,0.8945812807881772,0.00037613561653329527,0.9046345811051694,0.035996404924733195
FUZUIZ,0.6709359605911329,0.00010903207096327807,0.7524091919940696,0.027897922826139183
FUZUFM,0.7714285714285714,0.00018065335048452838,0.813953488372093,0.03183718895226789
FUZUFD,0.8945812807881772,0.0003343182759118022,0.9046345811051694,0.03608628820306133
FUZUAU,0.8374384236453202,0.0003848138860685798,0.8601694915254238,0.03336700369816913
FUZUAI,0.7852216748768472,0.0002484054217552853,0.8231954582319546,0.03194563834893564
FUZUAF,0.5783251231527093,0.00017471763378261305,0.7033957033957033,0.023006496091399938
FUZUZU,0.48768472906403937,9.58483829181725e-05,0.6612377850162866,0.019641913945979108
FUZUZF,0.831527093596059,0.0003883788991486151,0.8558178752107926,0.03319293735766734
FUZUZD,0.8128078817733989,0.0003535406600521527,0.8423236514522822,0.03245345855466346
FUZUZA,0.605911330049261,0.0002328063795753146,0.7173144876325088,0.023694099198283886
FUZXUX,0.49064039408866994,9.659976804814421e-05,0.662532637075718,0.019763890951989237
FUZDPX,0.9054187192118226,0.00036265004881863447,0.9135913591359136,0.03638957192508415
FUZDPP,0.9113300492610836,0.00039408074564964424,0.918552036199095,0.03657304366863412
FUZDFU,0.9330049261083743,0.0003848708950316068,0.9372114496768237,0.03739907029938982
FUZDDA,0.9399014778325122,0.00041052234503681463,0.9433085501858736,0.037548907635261114
FUZDSM,0.8502463054187192,0.00026562619661429123,0.869751499571551,0.0345880759204434
FUZDSX,0.8275862068965517,0.0002852781493636503,0.8529411764705882,0.03348041263455838
FUZDSI,0.8226600985221674,0.000227452245051207,0.8493723849372385,0.033655583500971524
FUZDSZ,0.9103448275862068,0.00035439642599327076,0.9177215189873418,0.03665587180728532
FUZDAA,0.92807881773399,0.00038896679191813966,0.9329044117647058,0.037153626013553306
FUZDZX,0.786206896551724,0.0002821513833228058,0.8238636363636364,0.03154554685387754
FUZDZP,0.786206896551724,0.0002821513833228058,0.8238636363636364,0.03154554685387754
FUZDZS,0.9152709359605911,0.000399292227546286,0.92188919164396,0.036537519653325946
FUZSUX,0.9113300492610836,0.00039366685382882495,0.918552036199095,0.03640066574781169
FUZSXS,0.9182266009852216,0.000412441170226921,0.924408014571949,0.036623242859578915
FUZSID,0.92807881773399,0.00038896679191813966,0.9329044117647058,0.037153626013553306
FUZSSI,0.8610837438423644,0.0003313380104904153,0.8780276816608996,0.03469527932767872
FUZSSA,0.9182266009852216,0.00040878692691366796,0.924408014571949,0.036639510187022814
FUZZUF,0.8325123152709359,0.0001915089855304413,0.8565400843881856,0.03438255797864426
FUZZXZ,0.6995073891625615,0.00019424993596871198,0.7689393939393939,0.028294003008425526
FUZZSU,0.9182266009852216,0.0005207878318505398,0.924408014571949,0.03620758948345054
FIMMMD,0.8630541871921181,0.00023871855038308642,0.8795493934142115,0.035344367982552395
FIMMUU,0.90935960591133,0.00037206663393396614,0.916892502258356,0.0364479413643795
FIMMUZ,0.9123152709359605,0.0003484162570518884,0.9193840579710145,0.0367524024648781
FPMMMX,0.9763546798029555,0.0005983309471001387,0.9769008662175168,0.03828942336242436
FPMMMI,0.8403940886699507,0.0003114134311235405,0.8623619371282922,0.03375273574165329
FPMMMA,0.6955665024630542,0.0001338362830187541,0.7666163141993958,0.028753037627045494
FPMMUM,0.7073891625615762,0.00014507430173953296,0.7736280487804879,0.02914949032415011
FSMMMS,0.9034482758620689,0.00034350948273562077,0.9119496855345912,0.036420352832124164
FSUMMX,0.864039408866995,0.0003267538413723203,0.8803122289679098,0.03482594390190033
FAMMMD,0.6807881773399014,0.00010840620940779292,0.7580283793876027,0.02841416900256577
FAMMMS,0.9270935960591132,0.0003955386704885434,0.9320477502295684,0.037127131097029864
FAMMMA,0.8453201970443349,0.0002948027062209183,0.8660409556313993,0.03422575860241556
FAMMMZ,0.32118226600985217,3.762422934929342e-05,0.5956572769953051,0.012693505356190155
FAXMMI,0.5891625615763546,0.00014002894548946254,0.7087988826815642,0.02384276681893379
DUMMMP,0.7182266009852216,0.0002492197495656158,0.7801691006917756,0.0287054652272942
DUMMMD,0.8334975369458127,0.00032666690706641653,0.8572635135135135,0.03350440615797232
DDMMUM,0.8857142857142857,0.0002911122568062617,0.8974358974358975,0.03599792089631682
DSUMUM,0.7724137931034483,0.00029054210345469384,0.8146067415730337,0.030880358369254943
DSUMIM,0.8689655172413793,0.00025138834610043186,0.8841463414634146,0.03545281257496199
DZMMMP,0.9211822660098521,0.00038896977859867574,0.9269406392694064,0.03698612709750793
DZMMMS,0.8975369458128079,0.00035148963519796185,0.9070598748882931,0.03610980257991783
DZMMMA,0.4423645320197044,6.594123123598422e-05,0.6419987349778621,0.017983851140520483
DZMMUU,0.8137931034482758,0.0002949594367760583,0.8430232558139535,0.032856917357622556
SIMMMU,0.9517241379310344,0.0004914376155189549,0.9539473684210527,0.03768709025191924
SIMMMX,0.8581280788177339,0.00025459077097052425,0.8757549611734253,0.03494771590890304
SPMMMU,0.92807881773399,0.00039573130864306843,0.9329044117647058,0.037116342970101746
SDXMMU,0.9408866995073891,0.0004131637038537548,0.9441860465116279,0.03756630586861069
ADMMUA,0.8305418719211822,0.00020641598632739193,0.8550968828980623,0.034111386431587426
ASUMMI,0.9487684729064039,0.0004603163623253016,0.9512652296157451,0.0376954138775834
MXMMMU,0.3231527093596059,4.7828220352372366e-05,0.5963572267920094,0.012622614469130518
MXMMUF,0.922167487684729,0.00039746972941451697,0.9277879341864717,0.03694910383246275
MXMMXX,0.7300492610837438,0.00025664705404438294,0.7874321179208689,0.02927920195669413
MMAXDU,0.9083743842364531,0.00037166155861539826,0.9160649819494585,0.03647195928953053
MMAXSI,0.8857142857142857,0.00029529710946293256,0.8974358974358975,0.035939110481275946
MMAXSD,0.6600985221674877,0.00011774407394235973,0.7463235294117647,0.027482011914566434
MMAXSS,0.7773399014778325,0.00022141868805698487,0.8178887993553586,0.031592298124712655
MMAXAD,0.8610837438423644,0.0002923692319301421,0.8780276816608996,0.03492667676643106
MMAXZP,0.7832512315270935,0.00026227117772958865,0.8218623481781376,0.03168824175018772
MMAXZS,0.8679802955665024,0.000322966791121472,0.8833768494342907,0.03497635062099112
MMAIMD,0.8719211822660098,0.0002836964071676089,0.8864628820960698,0.03531309303711754
MMAIMA,0.9152709359605911,0.00037141817899145364,0.92188919164396,0.036844086509007654
MMAIUU,0.8788177339901477,0.0002759759978768322,0.8919156414762741,0.0357720869925658
MMAIUP,0.9665024630541871,0.000523351918001902,0.9675881792183031,0.03809451510904077
MMAIXA,0.8147783251231526,0.0002162828598288093,0.8437240232751455,0.03338481555910932
MMAISM,0.3231527093596059,4.618973133297126e-05,0.5963572267920094,0.012671311306134077
MMAISX,0.9241379310344827,0.0004413692747002891,0.9294871794871795,0.03670104979909147
MMAIAU,0.8472906403940886,0.0002773500843604778,0.8675213675213675,0.03442423423477569
MMAIAX,0.8817733990147782,0.0003252667163196703,0.8942731277533039,0.035555947542034186
MMAPAM,0.8374384236453202,0.0002605668125217187,0.8601694915254238,0.03400497594157736
MMAFXD,0.8945812807881772,0.00030814018447873365,0.9046345811051694,0.03626848412206923
MMAFXA,0.9152709359605911,0.00035356230350249313,0.92188919164396,0.03683000271831559
MMAFFF,0.8985221674876847,0.0003572764949900409,0.907871198568873,0.036105484121432045
MMADUA,0.5625615763546797,6.72454014733345e-05,0.6956819739547635,0.02348731439117907
MMADIA,0.7251231527093596,0.00021912853153215677,0.7843894899536321,0.029282307953082072
MMADFF,0.7251231527093596,0.00020103700410121247,0.7843894899536321,0.02944532277552179
MMADFS,0.8916256157635467,0.0003939926989317702,0.9022222222222223,0.03560283566715709
MMADSU,0.8344827586206895,0.00023379236780553877,0.8579881656804734,0.03410860610694958
MMAAUZ,0.8788177339901477,0.0002835880641229414,0.8919156414762741,0.03575797908015169
MMAADM,0.9231527093596058,0.000406296185217195,0.9286367795059469,0.03687499867356409
MMAAZU,0.8798029556650245,0.00031660996335947984,0.8927000879507476,0.03554899536324709
MMAZMU,0.876847290640394,0.00025402437597798333,0.8903508771929824,0.03582745197460963
MMAZMI,0.7359605911330048,0.00018203689766196346,0.7911145752143414,0.030142166038992602
MMAZIP,0.9458128078817734,0.00048264317524134595,0.9485981308411215,0.03750871108784164
MMAZPZ,0.9152709359605911,0.0003367575007149378,0.92188919164396,0.036896081220967956
MMAZFP,0.8482758620689654,0.0002963807624654886,0.8682634730538922,0.03456220563349434
MMAZFF,0.9133004926108373,0.0003987492061432386,0.9202175883952856,0.036506178321201725
MMAZFA,0.8738916256157635,0.0002638600220453185,0.8880139982502188,0.03561736125646577
MMAZDZ,0.7901477832512315,0.00022451876616916047,0.8265472312703583,0.03217266498667272
MMAZSA,0.9073891625615763,0.0003411909222661183,0.915238954012624,0.03667050688738486
MMAZAI,0.8876847290640394,0.00038509481679937043,0.8990256864481843,0.035552564548205566
MMZMXI,0.7123152709359606,0.00025379243352656027,0.7765876052027544,0.02857436571560898
MMZMPZ,0.7743842364532019,0.00027188440045274796,0.8159163987138264,0.031295091329840256
MMZMFF,0.9192118226600985,0.0003639752279809432,0.9252506836827712,0.03695284908458612
MMZMAF,0.9753694581280787,0.0005392508773542398,0.9759615384615384,0.03837158353481321
MMZMZX,0.8285714285714285,0.00027945176670357406,0.8536585365853658,0.03357712219635392
MMZUPU,0.8965517241379309,0.00033660828639434944,0.90625,0.036136950890182706
MMZUPS,0.7241379310344827,0.0001789258280057925,0.7837837837837838,0.02973605487118555
MMZUZM,0.876847290640394,0.0002897838480072398,0.8903508771929824,0.03562791474114308
MMZXUM,0.8591133004926108,0.0003051491946154508,0.8765112262521589,0.034673307990249785
MMZIUX,0.9182266009852216,0.00032990275660200037,0.924408014571949,0.03706535408883136
MMZIUS,0.8807881773399014,0.0003658048864200852,0.8934859154929577,0.035444935008993185
MMZIUA,0.9369458128078817,0.0004558780401589736,0.9406858202038925,0.037187880936926855
MMZIDM,0.8305418719211822,0.0002667882937106944,0.8550968828980623,0.03367208399253682
MMZIDX,0.9044334975369458,0.0003668533416452502,0.9127697841726619,0.036337280094096716
MMZIDP,0.922167487684729,0.00045138988362053434,0.9277879341864717,0.0366100556895182
MMZISD,0.7044334975369457,0.00024864028005901635,0.7718631178707225,0.028163186008526953
MMZIAM,0.8817733990147782,0.0003671256866583561,0.8942731277533039,0.03532012478197642
MMZIZA,0.787192118226601,0.00024068492315014385,0.8245329000812348,0.03199077347849005
MMZPSP,0.9014778325123152,0.00042739447203169996,0.9103139013452914,0.03599384422654096
MMZPAD,0.7891625615763547,0.00023220765575337403,0.8258746948738812,0.032295933253625134
MMZPAA,0.8798029556650245,0.0003351269218275846,0.8927000879507476,0.03531431071945802
MMZFXS,0.8541871921182266,0.00022591043254589565,0.8727429062768701,0.035071791900781656
MMZFPA,0.9014778325123152,0.0003291060903428836,0.9103139013452914,0.03641294516173391
MMZDDU,0.9310344827586207,0.0003770314203694086,0.9354838709677419,0.037336338772287155
MMZDAA,0.8088669950738916,0.00029387523897219644,0.8395368072787428,0.03254887775322759
MMZSFM,0.9103448275862068,0.0003558621175074051,0.9177215189873418,0.036588028138401466
MMZAMA,0.851231527093596,0.00031069377248565017,0.8704974271012007,0.03430027650177096
MMZAPM,0.9546798029556649,0.0005056918174025083,0.9566446748350612,0.037749794905206385
MMZADU,0.9408866995073891,0.0004755697453133239,0.9441860465116279,0.037304348811674645
MMZADZ,0.8788177339901477,0.00038376557730546395,0.8919156414762741,0.03519598111284603
MPMMUU,0.92807881773399,0.0004284535439273413,0.9329044117647058,0.0371413080124493
MPMMIF,0.934975369458128,0.00047831076807578344,0.938945420906568,0.0370581886481997
MFMMMZ,0.7103448275862069,0.00019309165333476658,0.7754010695187166,0.029004779112352466
MFMMUP,0.9556650246305418,0.0005220198916870738,0.9575471698113207,0.037757595236951824
MSMMMD,0.8502463054187192,0.00022866844636532476,0.869751499571551,0.03484549970758944
MSMMUA,0.8748768472906403,0.0002749767055039462,0.8887915936952715,0.03562566085603757
MSMMXX,0.8926108374384236,0.0003055835423041771,0.9030249110320284,0.036154759534195384
MZMMMU,0.5714285714285714,0.0001442000494229777,0.7,0.02308344067904718
MZMMMI,0.9704433497536945,0.0005048039268328746,0.9712918660287081,0.03830803975954624
MZMMUD,0.7566502463054187,0.0001932722675771942,0.8042789223454834,0.031064917527223217
UMMMXM,0.8679802955665024,0.00024150525846047734,0.8833768494342907,0.035510259282632184
UMMMXD,0.9211822660098521,0.00035097114808788673,0.9269406392694064,0.037055144503689526
UUMMMF,0.7921182266009852,0.00033059231822694566,0.8278955954323002,0.03150242169236547
UUMMUF,0.8266009852216748,0.00023911803100238593,0.852225020990764,0.03381717608181248
UUMMXF,0.7034482758620689,0.00019757947187209552,0.7712765957446809,0.0287048219429366
UXUMMA,0.922167487684729,0.000369185890745846,0.9277879341864717,0.03705766252898778
UFMUMI,0.9103448275862068,0.00037926352869986396,0.9177215189873418,0.036537647216573495
UFMZDA,0.9192118226600985,0.0004047889452508717,0.9252506836827712,0.036841158841199144
UFUMMU,0.8935960591133004,0.0003780943928861348,0.9038290293855743,0.035761028880928726
UDMUMF,0.9241379310344827,0.0005437437081591805,0.9294871794871795,0.03630264124426762
UDMUMD,0.8955665024630541,0.000503006554543527,0.9054415700267618,0.03525293519141914
UDMUXS,0.870935960591133,0.0002517936079429105,0.8856893542757417,0.035596887460820036
UDMXUX,0.90935960591133,0.0003509659531440298,0.916892502258356,0.036592293566869334
UDMXUF,0.32413793103448274,4.8653332816032285e-05,0.5967078189300411,0.012652484763751243
UDMXXU,0.4817733990147783,9.633050427639207e-05,0.6586632057105776,0.019437055804282323
UDMXXI,0.7999999999999999,0.0002496730915868471,0.8333333333333334,0.032491952922504785
UDMXXF,0.683743842364532,0.0001558506343067412,0.7597305389221557,0.028079920744713927
UDMIXP,0.9379310344827585,0.0005108321848813656,0.9415584415584416,0.03703040852606056
UDMPXU,0.9576354679802955,0.0005253453354074776,0.9593572778827977,0.03781875154050728
UDMFUX,0.9182266009852216,0.0003791171739046617,0.924408014571949,0.03683454065552215
UDMDMF,0.8433497536945812,0.000212717696932961,0.8645655877342419,0.03467738878342562
UDMDUI,0.5704433497536945,0.0001773015199461343,0.6995175740868367,0.022711214264974584
UDMDXP,0.8916256157635467,0.0003166129532822377,0.9022222222222223,0.03613453804511781
UDMDPX,0.5635467980295567,0.0001752621803006467,0.696159122085048,0.02233578978357758
UDMZUZ,0.43743842364532015,0.00013519820010263138,0.6399747793190416,0.016846901369393406
UDMZXU,0.7142857142857142,0.00019192517765482384,0.7777777777777778,0.029065996246789648
UDMZXD,0.9192118226600985,0.00047379950701681596,0.9252506836827712,0.03647703366355429
UDUMXA,0.6768472906403941,0.00014500502365895888,0.7557706626954579,0.027878210690614153
UDUXUZ,0.741871921182266,0.00017109551001864772,0.7948316366483946,0.030551387541283538
UDUXIX,0.6935960591133005,0.000162082580340848,0.7654600301659125,0.028568907042429884
UDUDMD,0.889655172413793,0.000332908219464072,0.9006211180124224,0.03582675535475109
UDUDXA,0.40886699507389157,8.351633096877653e-05,0.628482972136223,0.01623109092327136
UDUSMD,0.9054187192118226,0.00036711923605725947,0.9135913591359136,0.03636405310941612
UDUAUM,0.3733990147783251,9.488145399777602e-05,0.6147789218655361,0.014430453194406967
UDUAIS,0.9379310344827585,0.0003914262433487716,0.9415584415584416,0.037542959427765595
UDUZUM,0.8660098522167488,0.000370356036925565,0.8818418766290183,0.034589302569872964
UDUZUX,0.8344827586206895,0.00037271432830726826,0.8579881656804734,0.03332561592976341
UDXXMZ,0.9477832512315271,0.00044411347695259043,0.950374531835206,0.03769817071214642
UDXSMI,0.6236453201970443,0.00012353874986346223,0.7265569076592698,0.025571456514602256
UDXSUS,0.9192118226600985,0.0004054492500463495,0.9252506836827712,0.03676226961586889
UDIFMI,0.922167487684729,0.0004490773422142734,0.9277879341864717,0.036668559506760616
UDIAMU,0.8275862068965517,0.0001797777460454508,0.8529411764705882,0.03428863022010617
UDIAMF,0.8472906403940886,0.00021025499173383928,0.8675213675213675,0.03491584638007375
UDIAMZ,0.838423645320197,0.0001990021396759034,0.8608990670059372,0.03463554516910945
UDPPMX,0.40591133004926105,9.823478653088283e-05,0.6273176761433868,0.0157121163513955
UDFIUS,0.8857142857142857,0.00031523588195353383,0.8974358974358975,0.03587386528314987
UDFFXM,0.4699507389162561,9.249803826286431e-05,0.6535737282678686,0.018857540611164434
UDDMMZ,0.8216748768472906,0.00028036429430895553,0.8486622073578596,0.0332060665102599
UDDMUU,0.8935960591133004,0.00037253508641138386,0.9038290293855743,0.03577606097070668
UDDMXS,0.7704433497536946,0.00023921443384224074,0.813301282051282,0.031232305501119422
UDDAMU,0.8059113300492611,0.00028267588847104774,0.8374587458745875,0.03261371371375831
UDSFMD,0.7527093596059112,0.00026643440780672206,0.80173775671406,0.030124209834811608
UDAUMU,0.7408866995073891,0.00014803644423574546,0.7942097026604069,0.030872626331140178
UDAUMP,0.8463054187192117,0.00018974507147565347,0.8667805294619982,0.03498108105659075
UDAXMI,0.2206896551724138,3.136366913220975e-05,0.562015503875969,0.008452237769816101
UDAFMU,0.6916256157635468,0.00020413090979418347,0.7643072289156626,0.028000030346329943
UDZUMU,0.9418719211822659,0.0004507176306020914,0.9450651769087524,0.037469466362138784
UDZUMX,0.9044334975369458,0.00042635227682172864,0.9127697841726619,0.03621996311864989
UAMMMI,0.9546798029556649,0.0004883100466699122,0.9566446748350612,0.037849818059098796
XMXMMF,0.9379310344827585,0.0003988279255751004,0.9415584415584416,0.03751974204139577
XMDMMX,0.7192118226600984,0.00025735483481119213,0.7807692307692308,0.028820827540362085
XMDMMZ,0.7842364532019703,0.000251516376172513,0.8225283630470016,0.031809679953780375
XUMMMU,0.8738916256157635,0.00035386506151308735,0.8880139982502188,0.03509896880245494
XUMMMA,0.8325123152709359,0.00025720876973027104,0.8565400843881856,0.03392947663566627
XUIMMU,0.7517241379310344,0.0002827725648329316,0.8011049723756906,0.03004394051648889
XUIMMX,0.734975369458128,0.00023986447156661058,0.7904984423676013,0.02983073104956196
XUIMMI,0.7625615763546797,0.00026226644511627515,0.8081210191082803,0.030894424206123892
XUIMMD,0.7655172413793103,0.00024195978032327833,0.8100558659217877,0.031036988218051315
XUIMMA,0.8729064039408866,0.0003319689357727242,0.8872377622377622,0.03528416335478433
XUSMUM,0.7832512315270935,0.00023652265334617357,0.8218623481781376,0.031834990526276384
XUSMUI,0.8068965517241379,0.0002587174309500804,0.838150289017341,0.03285705086789658
XUSMXM,0.8857142857142857,0.0003091421032276846,0.8974358974358975,0.03587510157501642
XUSMXU,0.9369458128078817,0.0004327086345848135,0.9406858202038925,0.03743135452545452
XIIMMU,0.864039408866995,0.0002887603574013911,0.8803122289679098,0.03510670548946516
XIIMMD,0.8453201970443349,0.0002944250085779266,0.8660409556313993,0.03413864119853832
XPMMXX,0.49064039408866994,0.00010895612975145775,0.662532637075718,0.01958457946800303
XFSMXM,0.7980295566502462,0.00033103964047004,0.8319672131147541,0.03183528722741538
XFSMSM,0.6482758620689655,0.0001238119241179614,0.7397959183673469,0.026784866714020583
XDMUMP,0.8197044334975369,0.00016705086588137232,0.8472454090150251,0.034024782041856334
XDMUUM,0.8059113300492611,0.0001691298436413324,0.8374587458745875,0.03336015184112367
XDMUUD,0.8817733990147782,0.00027718531994667245,0.8942731277533039,0.03590492718121
XSMMMF,0.8463054187192117,0.0002417998828661862,0.8667805294619982,0.03463972218924614
XSMMMD,0.9172413793103448,0.00035404068910258415,0.9235668789808917,0.036902150624563326
XSMMMS,0.8620689655172413,0.00024723857257870054,0.8787878787878788,0.0352448487838219
XSMMXU,0.7970443349753694,0.0002281926855194465,0.8312858312858313,0.03254169826618936
XSMMXX,0.8236453201970443,0.00027341471156265925,0.8500837520938024,0.03339889334512314
XSMMFM,0.8502463054187192,0.00024509517667011227,0.869751499571551,0.03479017966477711
XZMMMX,0.7852216748768472,0.00026248691068785725,0.8231954582319546,0.03185788876271458
XZMMMA,0.8561576354679802,0.0003152763586302733,0.8742463393626184,0.03462293410344534
XZMMUU,0.43448275862068964,7.60414157638126e-05,0.6387665198237885,0.017433916129257297
XZMMUP,0.8157635467980295,0.0002724827438869137,0.8444259567387687,0.033003496020767124
IUMIFA,0.8886699507389162,0.0003689739871633086,0.899822695035461,0.03569135765805535
IXMMMF,0.7369458128078817,0.00014460145013817736,0.7917316692667706,0.030650297292354304
IXMMMD,0.8049261083743842,0.0003046176574687403,0.8367683429513603,0.032348240278991455
IPMMMS,0.8926108374384236,0.00037408195386260377,0.9030249110320284,0.03586868927902575
IFMMMZ,0.9507389162561576,0.0004356034910936388,0.9530516431924883,0.03784286800504485
IDMMUM,0.8857142857142857,0.00045288358116627977,0.8974358974358975,0.03508474301680984
IDMMUU,0.7645320197044334,0.000193400644662179,0.8094098883572568,0.03131741758569256
IDMMUD,0.8660098522167488,0.0002757686914323452,0.8818418766290183,0.03521820693026449
ISMMXS,0.9615763546798028,0.0004932746308730624,0.9629981024667932,0.03802478608714174
ISSXPM,0.7586206896551724,0.0001715464335380058,0.8055555555555556,0.031301575020881406
IZAMMU,0.8354679802955665,0.0003922205285418309,0.8587140439932318,0.03339053015165291
IZAMPU,0.7467980295566502,0.0002487605815813829,0.7979559748427673,0.030132962209602304
IZAMFU,0.6748768472906403,0.00010276316194137283,0.7546468401486989,0.02821741464172406
IZZMMU,0.8610837438423644,0.00029911056034596245,0.8780276816608996,0.0348423040395653
PMMMUF,0.6039408866995073,6.718735283376383e-05,0.7163020465772759,0.025398537400521982
PUMMMI,0.7655172413793103,0.00020346056118555523,0.8100558659217877,0.03131916044563781
PUMMMS,0.7655172413793103,0.00019908660974765307,0.8100558659217877,0.031333091375410946
PUMMUM,0.9300492610837438,0.00046173112278459076,0.934622467771639,0.036954728246563005
PXMMMF,0.5389162561576354,8.652036510173283e-05,0.6844234659474039,0.02218308402076856
PFMMMI,0.8334975369458127,0.0002590687243232493,0.8572635135135135,0.03393992693589761
PFMMUU,0.8423645320197044,0.0002706555957332581,0.8638297872340426,0.03423963517968391
PDMMMU,0.8403940886699507,0.0002159416184370965,0.8623619371282922,0.03457053385709469
PDMMMX,0.8817733990147782,0.0003862079936485446,0.8942731277533039,0.035373075453716575
PDMMMF,0.9162561576354679,0.0003863445438723638,0.9227272727272727,0.03677908773475919
PDMMMS,0.8935960591133004,0.0003582204090845132,0.9038290293855743,0.036050568988516496
PSMMXU,0.9103448275862068,0.000347238566085506,0.9177215189873418,0.03666135951198147
PSMMXA,0.929064039408867,0.00046574202063351676,0.9337626494940202,0.03686094175662414
PAUMMP,0.9527093596059113,0.0005194110839974214,0.9548447789275635,0.03766765488340364
FMUMIA,0.8325123152709359,0.00019045257154657873,0.8565400843881856,0.034382782636919886
FMUMDF,0.8689655172413793,0.00025450446094071817,0.8841463414634146,0.03551157926821325
FMUMAS,0.9192118226600985,0.00037586885043556546,0.9252506836827712,0.036869607707770966
FMUMZM,0.7438423645320197,0.00017469127546448462,0.796078431372549,0.03069127569309615
FMUMZF,0.8275862068965517,0.00025183525550621016,0.8529411764705882,0.03366311302632263
FMUXMM,0.8995073891625615,0.0003797303806006689,0.9086839749328559,0.035988399517056076
FMDMMD,0.6009852216748768,0.00015902743999026404,0.7147887323943662,0.024155230090954244
MMPDIP,0.8660098522167488,0.0002510568669176093,0.8818418766290183,0.035363061555427504
MMPDPM,0.825615763546798,0.0002427169721060141,0.8515100671140939,0.033867616674666284
MMPDDD,0.4068965517241379,5.7584810737100965e-05,0.6277056277056277,0.016460477153994665
MMPDZI,0.9103448275862068,0.0003383191969459669,0.9177215189873418,0.03669614049468159
MMPDZF,0.9073891625615763,0.00036213997831651546,0.915238954012624,0.03656386194761981
MMPDZA,0.2827586206896551,2.504216358721695e-05,0.5823293172690763,0.01118809147093651
MMPSMI,0.8699507389162561,0.0002693429586263608,0.8849171752397559,0.03542840520955296
MMPAUX,0.6699507389162561,8.255183087656598e-05,0.7518518518518519,0.02816767547313396
MMPAZM,0.8660098522167488,0.00030544763537742936,0.8818418766290183,0.03490568856432474
MMPZXF,0.6502463054187192,0.0001222089875826618,0.7408759124087592,0.02687261874320812
MMPZXD,0.8975369458128079,0.00042369051155542243,0.9070598748882931,0.03579586651246536
MMPZIM,0.7635467980295566,0.00033027717541148636,0.8087649402390438,0.03017164302316679
MMPZIP,0.9044334975369458,0.0003379464294461889,0.9127697841726619,0.036425840583816135
MMPZZS,0.69064039408867,0.00018165977284232177,0.763732129420617,0.02812920960544192
MMFMMU,0.8955665024630541,0.0003787470806812132,0.9054415700267618,0.035789649712881844
MMFMXA,0.8817733990147782,0.00036558615978812695,0.8942731277533039,0.035375784399086854
MMFMPZ,0.9172413793103448,0.00040559373671130366,0.9235668789808917,0.03670931416810312
MMFMSD,0.7280788177339901,0.00016187413854736624,0.7862122385747483,0.030027642158433062
MMFMZM,0.92807881773399,0.00040500118651128465,0.9329044117647058,0.03713685504206307
MMFMZP,0.5339901477832512,0.00015357582228016264,0.6821236559139785,0.021069830567363713
MMFUUZ,0.9192118226600985,0.0003764930885957189,0.9252506836827712,0.03685935595484413
MMFUXI,0.8798029556650245,0.0003035365291813349,0.8927000879507476,0.03568604372566745
MMFUDP,0.8157635467980295,0.00025316442700735277,0.8444259567387687,0.033236520249450154
MMFUZS,0.767487684729064,0.00013212344402966294,0.8113509192645884,0.03209635606885381
MMFXMZ,0.883743842364532,0.00040429935841766106,0.8958517210944396,0.03526474817350643
MMFXUU,0.8955665024630541,0.00033583868607400564,0.9054415700267618,0.036145619455769704
MMFXXD,0.831527093596059,0.00017686546597636064,0.8558178752107926,0.03445990798910144
MMFXPU,0.8561576354679802,0.00024749382251350603,0.8742463393626184,0.035006840954966645
MMFXFM,0.9339901477832512,0.0003968932948709965,0.9380776340110906,0.037322468535352836
MMFXFZ,0.9270935960591132,0.00037867198980910953,0.9320477502295684,0.03716886612255095
MMFXZM,0.9438423645320196,0.0004833612879928212,0.9468283582089553,0.03748466821880025
MMFXZP,0.8965517241379309,0.00028864092250566924,0.90625,0.036412596294831706
MMFIXA,0.92807881773399,0.0004995903408824034,0.9329044117647058,0.036718265479088096
MMFIPU,0.8600985221674876,0.00027725180269767147,0.8772687986171133,0.03502620578231364
MMFIPI,0.8935960591133004,0.00033790880772933355,0.9038290293855743,0.03600341172968976
MMFIFX,0.8551724137931034,0.00025189079768114407,0.8734939759036144,0.03493225891310055
MMFIFA,0.6226600985221674,0.00021741296880245417,0.7260371959942775,0.024668077657898708
MMFIDM,0.8807881773399014,0.0003742800237312889,0.8934859154929577,0.03542264209214831
MMFIDA,0.6423645320197043,0.0001093563161961176,0.7365747460087083,0.026752373213717668
MMFISZ,0.8699507389162561,0.0002660051934121317,0.8849171752397559,0.035446582258885743
MMFPMM,0.8088669950738916,0.00028426557288477013,0.8395368072787428,0.03263715704210097
MMFPMX,0.6768472906403941,0.0001926818954324038,0.7557706626954579,0.02742213679242905
MMFPXU,0.7280788177339901,0.00023155528133197523,0.7862122385747483,0.029271202702745122
MMFPPZ,0.8660098522167488,0.00024377511610633248,0.8818418766290183,0.035483545434212935
MMFPSX,0.9270935960591132,0.00035888613459713616,0.9320477502295684,0.03729560345066819
MMFPSS,0.9004926108374384,0.00033970437269423726,0.9094982078853047,0.036372216671133176
MMFPAU,0.876847290640394,0.0002717720650453123,0.8903508771929824,0.03571391636036467
MMFFIS,0.9467980295566502,0.0004811676067467134,0.9494855004677268,0.037466665039237144
MMFFPP,0.8995073891625615,0.00034378280571070025,0.9086839749328559,0.0362889983305316
MMFFSU,0.22857142857142856,1.0769660957963877e-05,0.5645161290322581,0.009273905877887761
MMFFAF,0.5113300492610837,6.68166560825868e-05,0.671740569159497,0.021360499302432882
MMFFZI,0.9182266009852216,0.0003602405703191334,0.924408014571949,0.036928662625307064
MMFFZD,0.8876847290640394,0.00028714874855663235,0.8990256864481843,0.036053170668543306
MMFDMZ,0.30147783251231525,2.760264637505884e-05,0.5887470997679815,0.012041134399009406
MMFDXA,0.8876847290640394,0.0003668245037452361,0.8990256864481843,0.03570170003336771
MMFDIM,0.9192118226600985,0.0004029481762820213,0.9252506836827712,0.03680639058444263
MMFDIP,0.7113300492610837,0.00018117448591516348,0.7759938837920489,0.029181977161955603
MMFDDM,0.7152709359605911,0.00022462755935660138,0.7783742331288344,0.029042726081660097
MMFDDA,0.7192118226600984,0.0002019450332204745,0.7807692307692308,0.02937328908796095
MMFDDZ,0.7004926108374384,0.00013967432834893756,0.7695223654283548,0.028937203397417174
MMFDAM,0.6847290640394088,0.000180043046292995,0.7602996254681648,0.028118233873984665
MMFDAX,0.754679802955665,0.000199315293645101,0.803006329113924,0.030757288789416404
MMFSMA,0.8403940886699507,0.00022190764467089073,0.8623619371282922,0.034535722520847724
MMFSXD,0.883743842364532,0.0002768001794537668,0.8958517210944396,0.03597867630122893
MMFSIM,0.8926108374384236,0.00040431079497825825,0.9030249110320284,0.03574874738139664
MMFSPI,0.8689655172413793,0.00029787108611333175,0.8841463414634146,0.035257878915388306
MMFSSP,0.2108374384236453,1.5623203621365408e-05,0.558920704845815,0.008105608916099273
MMFSSS,0.7605911330049261,0.0002655275445713075,0.8068362480127186,0.030531755301404128
MMFAMX,0.9320197044334975,0.00045632735919507166,0.9363468634686347,0.037104347014779875
MMFAUZ,0.9192118226600985,0.0004263927413182422,0.9252506836827712,0.036711074706204015
MMFAXF,0.8403940886699507,0.00032152906437036237,0.8623619371282922,0.033858949338813164
MMFAPM,0.9586206896551723,0.0004978001187981073,0.9602649006622517,0.03793221551853912
MMFASF,0.7970443349753694,0.00023919625825888954,0.8312858312858313,0.03248592377037902
MMFAZP,0.8807881773399014,0.0003057295493699956,0.8934859154929577,0.035742699181891276
MMFZUM,0.8581280788177339,0.00032918545895312644,0.8757549611734253,0.03456830464526972
MMFZUU,0.6729064039408866,0.0001328731392005862,0.7535263548626577,0.02771044241235939
MMFZXS,0.6108374384236452,8.140058537045648e-05,0.7198581560283688,0.025568412845227616
MMFZPS,0.9418719211822659,0.0004733650149615388,0.9450651769087524,0.03743610865116283
MMFZDX,0.7881773399014778,0.00020727563612531612,0.8252032520325203,0.032274582905870694
MMFZDA,0.7073891625615762,0.00013218344799729518,0.7736280487804879,0.02939308034796135
MMFZSS,0.6650246305418719,0.00018954624136894178,0.7490774907749077,0.026846332506951214
MMDMMZ,0.9320197044334975,0.00041896133068496447,0.9363468634686347,0.03726086114606049
MMDMFU,0.889655172413793,0.00030812163111970127,0.9006211180124224,0.036053832416721186
MMDMFA,0.9044334975369458,0.0003858777988643962,0.9127697841726619,0.036162297042691256
MMDUMZ,0.9527093596059113,0.00046052043552759225,0.9548447789275635,0.03785004429361613
MMDUXA,0.6935960591133005,0.0001533462079443506,0.7654600301659125,0.0285667808365662
MMDUSZ,0.8561576354679802,0.0002349247197224981,0.8742463393626184,0.03507384002664194
MMDUAU,0.934975369458128,0.00044522768813133005,0.938945420906568,0.037214714574648845
MMDUZI,0.92807881773399,0.0003925594625172533,0.9329044117647058,0.03718045143921856
MMDXUD,0.7517241379310344,0.00026359437370298877,0.8011049723756906,0.030163385902352385
MMDXFM,0.6541871921182265,9.275754852624376e-05,0.7430453879941434,0.027413479285178434
MMDXFX,0.9211822660098521,0.00034792020880193504,0.9269406392694064,0.03706033400239168
MMDXDF,0.741871921182266,0.00020504613654242403,0.7948316366483946,0.03023838175850677
MMDXSM,0.8866995073891625,0.0003570352357966748,0.8982300884955752,0.03573314648941681
MMDXSS,0.9172413793103448,0.0003595628752573371,0.9235668789808917,0.03693171254176296
MMDIDP,0.9054187192118226,0.00038102383304589905,0.9135913591359136,0.03633206955340877
MMDIDD,0.7901477832512315,0.000260175065026128,0.8265472312703583,0.03205227188585285
MMDISU,0.9064039408866994,0.0003489372258463583,0.9144144144144144,0.03652477509707368
MMDPMA,0.8502463054187192,0.00022489632049871785,0.869751499571551,0.03490370010464415
MMDPXP,0.883743842364532,0.00036453368148719605,0.8958517210944396,0.03562706174292636
MMDPIF,0.7162561576354679,0.00023718096904841104,0.7789716039907905,0.028743800329719592
MMDFXX,0.8817733990147782,0.00032231960692870706,0.8942731277533039,0.03566330731032119
MMDFII,0.8305418719211822,0.0003202241194918402,0.8550968828980623,0.03350053972808821
MMDFIA,0.9083743842364531,0.00037674930822898683,0.9160649819494585,0.03647382261218971
MMDFFU,0.49655172413793097,0.00010294571304828858,0.6651376146788991,0.01970288073547312
MMDFDA,0.9359605911330049,0.00040230923752589804,0.9398148148148148,0.03744611182157959
MMDDMI,0.9418719211822659,0.0004042086099807015,0.9450651769087524,0.03762745563749871
MMDDMP,0.8729064039408866,0.00025228826843099557,0.8872377622377622,0.03567023071994922
MMDDAZ,0.9487684729064039,0.0004917928435627008,0.9512652296157451,0.03755057757471459
MMDSXM,0.92807881773399,0.00037543969284564206,0.9329044117647058,0.037265347182024504
MMDSID,0.7231527093596058,0.00017979814254884916,0.783179012345679,0.029544165474974585
MMDAMI,0.9487684729064039,0.0004942886719013674,0.9512652296157451,0.03756765389704521
MMDAUA,0.9536945812807881,0.00047373862735502386,0.955743879472693,0.0378634774212712
MMDADA,0.7487684729064039,0.00024621692864288357,0.7992125984251969,0.030304429143528863
MMDZXU,0.8197044334975369,0.0002093777725522182,0.8472454090150251,0.03364984255388155
MMDZXD,0.8729064039408866,0.00039264887497978806,0.8872377622377622,0.03479464413745575
MMSMUX,0.5763546798029556,0.0002141306953382267,0.7024221453287197,0.02263374278942678
MMSMUD,0.9389162561576354,0.00040204456866885794,0.9424326833797586,0.03750229993262762
MMSMAX,0.9320197044334975,0.00038201729849306453,0.9363468634686347,0.03734608291219827
MMSUII,0.9428571428571428,0.0005073485679652595,0.9459459459459459,0.03728242258558344
MMSUIS,0.9467980295566502,0.0005101074528825693,0.9494855004677268,0.03745354436881716
MMSUIZ,0.7842364532019703,0.00015587672556594944,0.8225283630470016,0.032617099699431294
MMSUFX,0.9211822660098521,0.00035535283781132587,0.9269406392694064,0.037065193689017006
MMSUDI,0.7763546798029556,0.0001705674236474904,0.8172302737520128,0.03210758262964383
MMSXMX,0.7891625615763547,0.00029438323821778204,0.8258746948738812,0.031894840724077056
MMSXMI,0.9014778325123152,0.00034853416714890497,0.9103139013452914,0.03629918358438751
MMSXFP,0.8758620689655172,0.0003422364061843909,0.8895705521472392,0.03532594483016458
MMSXZU,0.6847290640394088,0.00012394695105693337,0.7602996254681648,0.0283851913572512
MMSIMD,0.8177339901477831,0.00020059878193006287,0.8458333333333333,0.03370690936139782
MMSIPI,0.8551724137931034,0.000300898221599107,0.8734939759036144,0.03459659337029662
MMSIPZ,0.7162561576354679,0.00018242103970992377,0.7789716039907905,0.02924572741195992
MMSIFF,0.8167487684729063,0.0003228915929011347,0.8451290591174022,0.032662925269513685
MMSPIZ,0.92807881773399,0.0004633605290019609,0.9329044117647058,0.036757185036608034
MMSPDP,0.787192118226601,0.00023968055132606624,0.8245329000812348,0.03202864873490345
MMSPZM,0.7576354679802955,0.00025052923766111506,0.8049167327517843,0.03053521474360478
MMSPZI,0.7832512315270935,0.00026227117772958865,0.8218623481781376,0.03168824175018772
MMSFXI,0.90935960591133,0.00035812125891155526,0.916892502258356,0.03660155573505641
MMSFZM,0.7773399014778325,0.00021553314360187552,0.8178887993553586,0.03184697295530033
MMSDSP,0.7743842364532019,0.0003272345741797249,0.8159163987138264,0.030774498433505482
MMSDAZ,0.7211822660098521,0.00018128855686598867,0.7819722650231125,0.02941511534209754
MMSSUI,0.6078817733990147,0.00021125490520172035,0.7183297947629158,0.023919509939139758
MMSSIU,0.9467980295566502,0.000445290470888809,0.9494855004677268,0.03761890298006776
MMSSFM,0.8561576354679802,0.0002632229061795099,0.8742463393626184,0.03490955129460718
MMSAFM,0.8876847290640394,0.0003051093057555156,0.8990256864481843,0.035860871418451276
MMSAFP,0.8147783251231526,0.00022890998514574863,0.8437240232751455,0.03329960414618952
MMSASX,0.39113300492610836,4.4125151670750065e-05,0.6215554194733619,0.01588727047271166
MMSAAM,0.7832512315270935,0.00026227117772958865,0.8218623481781376,0.03168824175018772
MMSZFZ,0.8807881773399014,0.00029735937873630504,0.8934859154929577,0.035603796692062206
MMSZDF,0.9201970443349753,0.0003577424531774455,0.926094890510949,0.037029476365292135
MMAMFD,0.9576354679802955,0.0005868588740977147,0.9593572778827977,0.03761533144228295
MMAMDI,0.8423645320197044,0.00026097679967101994,0.8638297872340426,0.03430231124450803
MMAMSF,0.9064039408866994,0.00039171764095430534,0.9144144144144144,0.036341051828700545
MMAMAX,0.4630541871921182,9.903059530801923e-05,0.6506410256410257,0.01857604473842316
MMAMAP,0.696551724137931,0.00020082978964660594,0.7671957671957672,0.028191457403536572
MMAUMS,0.7280788177339901,0.0001902508966504505,0.7862122385747483,0.029822620124889426
MMAUXA,0.5881773399014778,0.0002315558496075578,0.7083042568039079,0.02303474520066819
MMAUIP,0.6482758620689655,0.00018919460323851316,0.7397959183673469,0.02605290760568652
MMAUIF,0.9123152709359605,0.0003911070332049591,0.9193840579710145,0.03648952712163034
MMAUAF,0.8650246305418718,0.00029914274076990946,0.8810763888888888,0.035083931146869196
MMAXXS,0.8866995073891625,0.000392075385603291,0.8982300884955752,0.03537736584005168
MMXPAX,0.7911330049261083,0.0002093670101516021,0.8272208638956805,0.03238955294178172
MMXFMP,0.9034482758620689,0.0004560255426325616,0.9119496855345912,0.03589632158286537
MMXFUX,0.8433497536945812,0.0002018397624822798,0.8645655877342419,0.03480521598107806
MMXFDS,0.31822660098522165,5.150289878975422e-05,0.5946104276508495,0.012340803323694456
MMXFZI,0.9241379310344827,0.0003582070802639607,0.9294871794871795,0.037137956901398664
MMXFZA,0.8817733990147782,0.0003245725744754437,0.8942731277533039,0.035524787803998335
MMXDMU,0.4945812807881773,0.00015444561714611464,0.6642670157068062,0.019199777034974424
MMXDMP,0.8295566502463053,0.00034700300244831474,0.8543771043771043,0.03318410386992741
MMXDIP,0.7556650246305419,0.00020337761977364533,0.8036421219319082,0.030763241579330185
MMXDPZ,0.9004926108374384,0.000355755928709851,0.9094982078853047,0.036206422409055264
MMXDDD,0.7665024630541871,0.0002570466243825345,0.810702875399361,0.030835408296496915
MMXDAU,0.8532019704433497,0.0003488749086125697,0.8719931271477663,0.03430651406233668
MMXDAI,0.9113300492610836,0.0003820732769141191,0.918552036199095,0.03658398327505305
MMXDZX,0.6522167487684729,0.00016348811286376417,0.7419590643274854,0.026427165135941337
MMXSMS,0.5389162561576354,0.00013138011544562168,0.6844234659474039,0.021650208568750193
MMXSPD,0.9369458128078817,0.0004761547702921431,0.9406858202038925,0.037212174227876545
MMXSSM,0.9162561576354679,0.0003850871484896131,0.9227272727272727,0.0367580906498196
MMXSSX,0.7940886699507389,0.00030996055445811356,0.829248366013072,0.03180600352023321
MMXSSI,0.9487684729064039,0.0005353067762450302,0.9512652296157451,0.03750535170975069
MMXAMI,0.9142857142857143,0.0004383863567835252,0.9210526315789473,0.03654669219932813
MMXAPP,0.934975369458128,0.0004719850526416912,0.938945420906568,0.03715805149307133
MMXAFU,0.8394088669950738,0.00023565875907232767,0.8616298811544991,0.03438625107939058
MMXADI,0.5862068965517241,0.00013272729090600734,0.7073170731707317,0.02375272742205379
MMXAAF,0.3714285714285714,5.853883405984755e-05,0.6140350877192983,0.014751983817444032
MMXZUM,0.5320197044334974,9.813525059117747e-05,0.6812080536912751,0.021741636020978825
MMXZIZ,0.70935960591133,0.00013913505859654746,0.7748091603053435,0.029308478352806606
MMXZPI,0.5438423645320196,0.00014336151647857166,0.6867388362652233,0.021784031703807983
MMXZFZ,0.8423645320197044,0.00021337350929841553,0.8638297872340426,0.03462887657130944
MMXZAI,0.31034482758620685,3.393307347497912e-05,0.5918367346938775,0.012242971332628368
MMXZAZ,0.8817733990147782,0.0003252667163196703,0.8942731277533039,0.035555947542034186
MMIMFI,0.787192118226601,0.0001976976260546319,0.8245329000812348,0.03240346092921327
MMIUFX,0.7733990147783251,0.0002273987728084984,0.8152610441767069,0.0315055706584748
MMIUZM,0.754679802955665,0.00016026691988046444,0.803006329113924,0.03130726485320903
MMIXZA,0.3379310344827586,4.868541753766024e-05,0.6016597510373444,0.013537504494507614
MMIIMM,0.6650246305418719,0.00024574229600796827,0.7490774907749077,0.02639199220064689
MMIIMA,0.8147783251231526,0.00029354818285614876,0.8437240232751455,0.03294430447107024
MMIIZS,0.7458128078817733,0.00018250978963527486,0.7973291437549097,0.030555702810643577
MMIPUD,0.90935960591133,0.0003732772976740335,0.916892502258356,0.03648001945662441
MMIDXP,0.5408866995073891,0.00010202022644626642,0.6853477380148548,0.022015155558802093
MMIDAP,0.889655172413793,0.0003793004920777192,0.9006211180124224,0.03569065409190625
MMISPF,0.5891625615763546,8.487371988253745e-05,0.7087988826815642,0.02444088464934791
MMISFU,0.5832512315270936,0.0001650356162325082,0.7058414464534075,0.02353588159561978
MMIAIP,0.6236453201970443,8.292987237124576e-05,0.7265569076592698,0.02615978023306594
MMIAFI,0.6935960591133005,0.00015769305421907748,0.7654600301659125,0.028455664122589024
MMIAFS,0.9103448275862068,0.00037033870867556875,0.9177215189873418,0.036678911218271715
MMIAAD,0.8049261083743842,0.00020581429589163535,0.8367683429513603,0.033082979708043754
MMIZDU,0.6561576354679802,0.00017435599543690278,0.7441348973607038,0.02662376111243293
MMIZAP,0.6679802955665024,0.00013622853592202639,0.7507396449704142,0.02753868680353726
MMIZZI,0.8847290640394088,0.00026920111333379536,0.8966431095406361,0.03603077255968544
MMPMPP,0.3990147783251231,6.829903522652209e-05,0.6246153846153846,0.01583548974515387
MMPMZZ,0.9399014778325122,0.00042411303299811086,0.9433085501858736,0.03752476266358807
MMPUUX,0.8985221674876847,0.0003970123157506025,0.907871198568873,0.035990200105238394
MMPUXA,0.3369458128078818,2.6087783063278048e-05,0.601303317535545,0.014003064459457613
MMPUIZ,0.31625615763546794,3.6101248399389096e-05,0.5939145699239321,0.012486034344513498
MMPUPA,0.8886699507389162,0.0002973133643513757,0.899822695035461,0.03606405588173708
MMPUAI,0.8679802955665024,0.0003041616781158617,0.8833768494342907,0.03527192300253666
MMPXMF,0.5645320197044335,0.00015618349744839227,0.696636925188744,0.022416657616523096
MMPXUU,0.9004926108374384,0.0004086452716821001,0.9094982078853047,0.036026309961543185
MMPXXI,0.638423645320197,0.00020657234677908028,0.7344428364688856,0.02531858283868791
MMPXXP,0.30443349753694576,3.4426868012590555e-05,0.589773387565369,0.011997221640896496
MMPXPZ,0.8206896551724138,0.00023166535584502585,0.847953216374269,0.033825776914093116
MMPXDI,0.8847290640394088,0.0003592753793495825,0.8966431095406361,0.03570665120222495
MMPXZX,0.8403940886699507,0.0003603680728093735,0.8623619371282922,0.033548454782824595
MMPIUP,0.6630541871921182,0.00020723678216054883,0.7479734708916728,0.026604025506755287
MMPIXM,0.8226600985221674,0.0002445195437071554,0.8493723849372385,0.033551380933850176
MMPIIX,0.9192118226600985,0.00045498167819086433,0.9252506836827712,0.036446245015050706
MMPIPU,0.9182266009852216,0.0003590472878369599,0.924408014571949,0.036935181808716994
MMPIZM,0.9083743842364531,0.000356342778867867,0.9160649819494585,0.03657111164579368
MMPPFM,0.7201970443349753,0.00017199711968932796,0.7813702848344881,0.029483042468238636
MMPFMF,0.8995073891625615,0.0003080120704965192,0.9086839749328559,0.03647403991233062
MMPFPZ,0.8325123152709359,0.00030992189627340196,0.8565400843881856,0.03355518402702921
MMMMIU,0.6463054187192118,0.00012793370764821048,0.7387190684133915,0.026600090017754614
MMMMAI,0.8088669950738916,0.0001521786979542408,0.8395368072787428,0.03367159401052795
MMMUUS,0.9024630541871921,0.0002971780239883917,0.9111310592459605,0.036612405681493064
MMMUXD,0.7763546798029556,0.00018596621047355116,0.8172302737520128,0.031848587037259554
MMMUXS,0.8788177339901477,0.0002835880641229414,0.8919156414762741,0.03575797908015169
MMMUID,0.9064039408866994,0.0003544554382570039,0.9144144144144144,0.03649674114221769
MMMXMZ,0.6876847290640393,0.00012389233743048884,0.762012012012012,0.02853291137777325
MMMXUZ,0.8689655172413793,0.00034422750328571135,0.8841463414634146,0.03493361467228171
MMMIMZ,0.8472906403940886,0.00027727166751713304,0.8675213675213675,0.03434968517830843
MMMIID,0.6492610837438423,0.0001303719040732206,0.7403355215171408,0.02686572571315911
MMMIFP,0.49556650246305417,0.00011338242451785856,0.664702030124427,0.01975941608204366
MMMPMP,0.8167487684729063,0.00027488301024615117,0.8451290591174022,0.03305570119008089
MMMPMZ,0.7487684729064039,0.00013398272852158777,0.7992125984251969,0.031182077038678355
MMMPXI,0.786206896551724,0.00023219592507496694,0.8238636363636364,0.032130962471496355
MMMPSS,0.8788177339901477,0.00025971245999554924,0.8919156414762741,0.03585992249569946
MMMPZD,0.6709359605911329,0.00011821445912285726,0.7524091919940696,0.027925840949105996
MMMFXX,0.46009852216748764,6.710884458921879e-05,0.6493921944977608,0.01876603356884066
MMMFXI,0.644334975369458,0.00010806115132908585,0.7376453488372093,0.02687496667472527
MMMFXZ,0.8600985221674876,0.00024536345679954504,0.8772687986171133,0.0351739523902626
MMMFIM,0.8679802955665024,0.00027406658044701836,0.8833768494342907,0.035298922091397386
MMMFIU,0.8945812807881772,0.00037662346026167906,0.9046345811051694,0.03590910810963483
MMMFIP,0.9024630541871921,0.0003773990108373077,0.9111310592459605,0.036138677520622164
MMMFIA,0.889655172413793,0.00040303627838152373,0.9006211180124224,0.0356069373767849
MMMFPF,0.7438423645320197,0.000190366697830383,0.796078431372549,0.030424531910043615
MMMFFM,0.8955665024630541,0.0002803762470491692,0.9054415700267618,0.03642356581690079
MMMFFP,0.9241379310344827,0.0005437437081591805,0.9294871794871795,0.03630264124426762
MMMFSS,0.9083743842364531,0.00038952179261042823,0.9160649819494585,0.03648145924627718
MMMFAD,0.35763546798029555,5.4556016599740826e-05,0.608878224355129,0.014238932482336944
MMMFZA,0.9073891625615763,0.00042197391005776365,0.915238954012624,0.03614942088485226
MMMDMI,0.8413793103448275,0.00026455822174818245,0.8630952380952381,0.03436014712515786
MMMDDI,0.6945812807881773,0.00016591213709908896,0.7660377358490567,0.028595021686812626
MMMDAZ,0.651231527093596,0.0001342592230039607,0.7414170927684441,0.02685689999502269
MMMDZD,0.6472906403940886,8.084065839182273e-05,0.7392571012381646,0.027230889178196525
MMMDZA,0.7497536945812807,0.00017562141358366232,0.7998423955870765,0.030847081738186427
MMMSUS,0.6305418719211822,0.00020887067958875379,0.7302158273381295,0.025134484833914093
MMMSXS,0.522167487684729,4.7389544035857125e-05,0.6766666666666666,0.021978223661319175
MMMSPX,0.9182266009852216,0.00042473824620519303,0.924408014571949,0.03667985224416699
MMMSPD,0.9083743842364531,0.00037020399465815466,0.9160649819494585,0.03647187714417169
MMMSFF,0.8669950738916256,0.00033191121468259825,0.8826086956521739,0.0349403228296792
MMMSDS,0.683743842364532,0.00027130171509722123,0.7597305389221557,0.026820605082236208
MMMSZP,0.7625615763546797,0.00026332719870901614,0.8081210191082803,0.030889497261567266
MMMAMI,0.7881773399014778,0.0003187374871761454,0.8252032520325203,0.03151340197883238
MMMAXI,0.8364532019704433,0.000309809042201267,0.859441151566469,0.03374313057127579
MMMAXP,0.9014778325123152,0.0003773510126706294,0.9103139013452914,0.036208278257306936
MMMAFP,0.8758620689655172,0.00027495574593229793,0.8895705521472392,0.03566231521055937
MMMAAP,0.9527093596059113,0.0004950916354741824,0.9548447789275635,0.03772579344978875
MMMAZX,0.8492610837438423,0.00042480401502395596,0.8690068493150684,0.03358665766827559
MMMZXP,0.8039408866995074,0.00028453398352674866,0.8360790774299836,0.03237568237865643
MMMZSU,0.7842364532019703,0.0001925573852637255,0.8225283630470016,0.032251622837880474
MMMZAD,0.9123152709359605,0.0003837479537154591,0.9193840579710145,0.03669311872478034
MMMZZU,0.6167487684729064,0.0002003213476637984,0.7229344729344729,0.0245905247680599
MMMZZI,0.9192118226600985,0.0003449354513314444,0.9252506836827712,0.03703413801343811
MMMZZP,0.9014778325123152,0.0003448546877839642,0.9103139013452914,0.03629702043188014
MMMZZD,0.8975369458128079,0.00032178664475272475,0.9070598748882931,0.036204482569651385
MMUMMM,0.8630541871921181,0.00023276005212530127,0.8795493934142115,0.03540132726018097
MMUMIZ,0.741871921182266,0.00018840148467168607,0.7948316366483946,0.030484176126649304
MMUMPM,0.5911330049261083,9.344279066390272e-05,0.7097902097902098,0.02449060231401662
MMUMPS,0.9201970443349753,0.0004645846135854768,0.926094890510949,0.03663938699643246
MMUMDZ,0.8995073891625615,0.00032481602846962153,0.9086839749328559,0.03635363105396944
MMUUMX,0.883743842364532,0.00027403450806598207,0.8958517210944396,0.0360100879933428
MMUUMI,0.7960591133004925,0.0002664739529966954,0.8306055646481179,0.03217352876384134
MMUUMP,0.8935960591133004,0.00032890657563484097,0.9038290293855743,0.036106285471116766
MMUUXD,0.9507389162561576,0.0004591854582530597,0.9530516431924883,0.037750951311437436
MMUUPM,0.8167487684729063,0.0003072536191110015,0.8451290591174022,0.033022171961947316
MMUUFP,0.9645320197044335,0.0005526311052752635,0.9657469077069457,0.03804444799721382
MMUUFD,0.6600985221674877,0.00010000961465225975,0.7463235294117647,0.027619448481555134
MMUUDX,0.8778325123152708,0.0003959026755566584,0.8911325724319579,0.03510216259371884
MMUUDI,0.8906403940886699,0.00031966657502807385,0.9014209591474245,0.036026587341390026
MMUUDD,0.6778325123152709,0.00012465438249949782,0.7563338301043219,0.02816037432306582
MMUUSM,0.8492610837438423,0.0002491075783054516,0.8690068493150684,0.034598762897883745
MMUUSI,0.9320197044334975,0.0005055474794376384,0.9363468634686347,0.03691592143200005
MMUUZA,0.7783251231527093,0.00027558102341340777,0.8185483870967742,0.031320733357540965
MMUXUM,0.7615763546798029,0.00021448473327815185,0.807478122513922,0.031027498846601564
MMUXUF,0.9566502463054186,0.0005264086825493312,0.9584513692162417,0.03777560925045016
MMUXUA,0.8463054187192117,0.00026861171526272343,0.8667805294619982,0.034381234989932126
MMUXXM,0.9359605911330049,0.00044203255852240516,0.9398148148148148,0.037306939706745576
MMUXXI,0.8600985221674876,0.000271897585302428,0.8772687986171133,0.03492222854371925
MMUXXF,0.8719211822660098,0.000307660829552143,0.8864628820960698,0.035202479381171256
MMUXIZ,0.8354679802955665,0.00033305364179228147,0.8587140439932318,0.03361973031502782
MMUXFX,0.8699507389162561,0.0004291562456048451,0.8849171752397559,0.0347151447272318
MMUXDU,0.851231527093596,0.0003336201967071513,0.8704974271012007,0.03434994492249001
MMUXDS,0.864039408866995,0.00031619084862196924,0.8803122289679098,0.034829120349488436
MMUXDA,0.8689655172413793,0.0003255932461158053,0.8841463414634146,0.03524749822124351
MMUXSX,0.889655172413793,0.00037990012478916253,0.9006211180124224,0.03564556184910067
MMUXSD,0.9201970443349753,0.00046938429821976897,0.926094890510949,0.036461443455848515
MMUXSA,0.7467980295566502,0.0001723189129676466,0.7979559748427673,0.030953015679440546
MMUXSZ,0.6788177339901478,0.00015404688850980018,0.7568978374347501,0.027855713804932982
MMUXAS,0.8965517241379309,0.0003728388605854002,0.90625,0.03594023987527391
MMUXZA,0.7280788177339901,0.0001654570481594147,0.7862122385747483,0.02987364849246841
MMUIMF,0.7172413793103448,0.0002665334926160355,0.7795698924731183,0.028541477067480385
MMUIMD,0.8955665024630541,0.00037767155854875916,0.9054415700267618,0.03582824881807951
MMUIUI,0.929064039408867,0.0003725917089519054,0.9337626494940202,0.03728621308510565
MMUIUZ,0.7724137931034483,0.00021339198454050563,0.8146067415730337,0.031543493604695556
MMUIXX,0.8689655172413793,0.000342071790578096,0.8841463414634146,0.034959043535080774
MMUIXI,0.7694581280788176,0.0002512815776966675,0.8126501200960768,0.03108788065409038
MMUIIZ,0.8926108374384236,0.0003924524541592585,0.9030249110320284,0.03578510986125898
MMUIZD,0.8876847290640394,0.00032787507832645387,0.8990256864481843,0.03583917539026335
MMUIZA,0.8955665024630541,0.0003623577768929133,0.9054415700267618,0.03610568181792878
MMUPMP,0.5694581280788177,8.526857230719908e-05,0.6990358126721763,0.023528436432575968
MMUPUI,0.9142857142857143,0.00034632315228850364,0.9210526315789473,0.03683894737778603
MMUPIS,0.6916256157635468,0.00017527108023996583,0.7643072289156626,0.028173729443601435
MMUPDI,0.9467980295566502,0.0005227720022716702,0.9494855004677268,0.03747508740660864
MMUPSI,0.8600985221674876,0.00023689509972172422,0.8772687986171133,0.03522253417298743
MMUPSF,0.29556650246305416,3.196143765169085e-05,0.5867052023121387,0.011630135184856763
MMUPSZ,0.7527093596059112,0.0002934830662884504,0.80173775671406,0.03010656818099416
MMUFXM,0.9310344827586207,0.00041350916747805297,0.9354838709677419,0.03717177009300378
MMUFIA,0.9566502463054186,0.0004786962895139052,0.9584513692162417,0.037909760669020624
MMUFPM,0.8571428571428571,0.00026968722182642947,0.875,0.03485199396240874
MMUFPX,0.9182266009852216,0.00042473824620519303,0.924408014571949,0.03667985224416699
MMUFPI,0.7014778325123152,0.00014209380195355847,0.7701062215477997,0.029202254380517396
MMUFSP,0.8246305418719211,0.00027662382598585923,0.8507963118189439,0.03343171129825023
MMUFSD,0.8236453201970443,0.0002386486833788327,0.8500837520938024,0.03362561052359839
MMUDMP,0.9054187192118226,0.00034314800847129494,0.9135913591359136,0.0364510047055269
MMUDMD,0.6403940886699507,0.00012619072043715116,0.7355072463768116,0.02653280177798901
MMUDUP,0.7655172413793103,0.00034343679031386423,0.8100558659217877,0.030246151593810798
MMUDUD,0.8344827586206895,0.0002994735827622048,0.8579881656804734,0.03380319228362228
MMUDXD,0.8935960591133004,0.00032056417548498924,0.9038290293855743,0.03607709683449746
MMUDXA,0.8817733990147782,0.0003891373428658123,0.8942731277533039,0.03517924178811677
MMUDPI,0.5733990147783251,7.436375728412352e-05,0.7009668508287292,0.023939720463195067
MMUDPF,0.22463054187192116,2.678231927777287e-05,0.5632630410654828,0.008637415461159762
MMUDFD,0.9497536945812807,0.0005588511326518173,0.9521575984990619,0.037432402914490695
MMUDSF,0.6857142857142856,0.000159571000854293,0.7608695652173914,0.028240474962441104
MMUDSZ,0.883743842364532,0.00027403450806598207,0.8958517210944396,0.0360100879933428
MMUDAF,0.864039408866995,0.0002607174002928556,0.8803122289679098,0.03522904835760302
MMUDZF,0.9251231527093595,0.0003460947062867516,0.9303391384051329,0.03725411565849262
MMUSMU,0.6068965517241379,0.00017473564735520208,0.7178217821782178,0.02418860532153265
MMUSMX,0.8295566502463053,0.0003065909720415496,0.8543771043771043,0.03347368265518964
MMUSMP,0.6926108374384236,0.0001306567214496428,0.7648831951770911,0.02870403888396358
MMUSMZ,0.7753694581280788,0.0002263146738925773,0.8165728077232502,0.03159709013253598
MMUSUX,0.8541871921182266,0.000275562166555339,0.8727429062768701,0.034772791753632265
MMUSUF,0.8906403940886699,0.0003350722981377654,0.9014209591474245,0.03599284320861632
MMUSUZ,0.7054187192118226,0.0002633452450846883,0.7724505327245054,0.02814222636079902
MMUSPP,0.43448275862068964,9.432435432210922e-05,0.6387665198237885,0.017186905270503604
MMUSFI,0.6945812807881773,0.00015280272528233875,0.7660377358490567,0.028615518402128913
MMUSFZ,0.8807881773399014,0.0002882549076595788,0.8934859154929577,0.035756991668674985
MMUSDU,0.9034482758620689,0.0003958760255695257,0.9119496855345912,0.036143279155763354
MMUSAM,0.8827586206896552,0.0003735541453156256,0.8950617283950617,0.03544482490900547
MMUSAU,0.9142857142857143,0.00033529449934607326,0.9210526315789473,0.036895824506481725
MMUSZM,0.6374384236453201,8.227166341070648e-05,0.7339117859725235,0.0267149507063436
MMUSZD,0.8995073891625615,0.00033024662958451134,0.9086839749328559,0.03629557957823826
MMUAMZ,0.7241379310344827,0.00018025959498521645,0.7837837837837838,0.029726834058314017
MMUAUU,0.8886699507389162,0.00040486744575676266,0.899822695035461,0.03542980330863465
MMUAXX,0.8354679802955665,0.00026712164749693123,0.8587140439932318,0.034051867338086045
MMUAIS,0.8886699507389162,0.00029061484076040446,0.899822695035461,0.036095358967226564
MMUAFD,0.7960591133004925,0.00024031689634735267,0.8306055646481179,0.03244330311084267
MMUASP,0.8926108374384236,0.000293841047148615,0.9030249110320284,0.036245639777106195
MMUASF,0.8926108374384236,0.000293841047148615,0.9030249110320284,0.036245639777106195
MMUASZ,0.8817733990147782,0.00038036759572730646,0.8942731277533039,0.03527236813525887
MMUAAM,0.8157635467980295,0.000259240906268813,0.8444259567387687,0.033240767389165385
MMUZMS,0.7576354679802955,0.000253679832234629,0.8049167327517843,0.03069523589597885
MMUZUM,0.883743842364532,0.0002808785098335384,0.8958517210944396,0.03592079740751327
MMUZII,0.8354679802955665,0.00026712164749693123,0.8587140439932318,0.034051867338086045
MMUZFU,0.7369458128078817,0.00017198792462969016,0.7917316692667706,0.030305505259832555
MMUZFF,0.5123152709359605,0.00010895385756058075,0.6721854304635762,0.020612625646739352
MMUZFD,0.6482758620689655,0.00012119580709127917,0.7397959183673469,0.02679264729417197
MMUZSM,0.4009852216748768,6.970080327654062e-05,0.625385089340727,0.015905462475972645
MMUZSX,0.8463054187192117,0.00027199147250319387,0.8667805294619982,0.034301655951051405
MMUZSF,0.7182266009852216,0.00025861781704168777,0.7801691006917756,0.02869947837770174
MMUZAI,0.8541871921182266,0.0003142766843355039,0.8727429062768701,0.034460572599763685
MMUZAD,0.8068965517241379,0.00021192751953763038,0.838150289017341,0.03306194431941042
MMXMDP,0.7596059113300492,0.00021717034451248376,0.8061953931691819,0.030950822594860917
MMXMAI,0.6295566502463054,9.396818878551256e-05,0.7296908698777858,0.026240197694906625
MMXUIX,0.754679802955665,0.0001545966592117083,0.803006329113924,0.03122231816212314
MMXUII,0.92807881773399,0.00038162624166578323,0.9329044117647058,0.03719745148091096
MMXUPZ,0.9418719211822659,0.0004518301357205809,0.9450651769087524,0.03747911091823269
MMXUDA,0.6522167487684729,0.00011265319601851524,0.7419590643274854,0.027144415993893358
MMXUAZ,0.9044334975369458,0.00034576656496908937,0.9127697841726619,0.036456658282319726
MMXUZM,0.6108374384236452,8.339639791172164e-05,0.7198581560283688,0.025601412307621307
MMXXFU,0.2403940886699507,2.1630957053848208e-05,0.5683090705487122,0.00930455351885359
MMXXFD,0.754679802955665,0.0001888681861980065,0.803006329113924,0.031019776372248904
MMXXSX,0.7566502463054187,0.0002007133998367709,0.8042789223454834,0.030990261409325058
MMXIMI,0.8394088669950738,0.0002634582812136547,0.8616298811544991,0.034144552543821496
MMXIMP,0.9339901477832512,0.00040315750585938744,0.9380776340110906,0.03736874016003574
MMXIUZ,0.8679802955665024,0.0003402496742155792,0.8833768494342907,0.03483806344068894
MMXIIX,0.7852216748768472,0.0002865820209168123,0.8231954582319546,0.03161423809665914
MMXIPF,0.7399014778325123,0.00020622388693547725,0.7935887412040656,0.030150583612895774
MMXPMS,0.7211822660098521,0.00023231638594145289,0.7819722650231125,0.02902917126558107
MMXPXM,0.9211822660098521,0.0003574550638149556,0.9269406392694064,0.03703422636142409
FUZMZI,0.7743842364532019,0.00020266756721617034,0.8159163987138264,0.03167398000719186
FUZUXF,0.7241379310344827,0.0001406701811749658,0.7837837837837838,0.030130235297413304
FUZDUZ,0.870935960591133,0.00031455056126365835,0.8856893542757417,0.03516394224860934
FUZDFF,0.8935960591133004,0.00033881001585153167,0.9038290293855743,0.03598960263372761
FUZDDP,0.8364532019704433,0.00025114256101991633,0.859441151566469,0.0341346969304698
FUZDSP,0.3733990147783251,3.3970452091779304e-05,0.6147789218655361,0.015307434492926156
FUZDSA,0.6482758620689655,6.520794874194005e-05,0.7397959183673469,0.027521176173135722
FUZSUM,0.7280788177339901,0.00012515377666032305,0.7862122385747483,0.030251720995367343
FUZSUP,0.7280788177339901,0.00012515377666032305,0.7862122385747483,0.030251720995367343
FUZZZU,0.6413793103448275,0.00014216812196373298,0.7360406091370558,0.026115773030895073
FIMMMI,0.8305418719211822,0.000267937184095112,0.8550968828980623,0.0337796542952666
FIMMUX,0.8581280788177339,0.000301857459257608,0.8757549611734253,0.03473469673514879
FSMMMU,0.7852216748768472,0.0001632305959610546,0.8231954582319546,0.032588563216874755
FSMMMA,0.7852216748768472,0.0001632305959610546,0.8231954582319546,0.032588563216874755
DUMMMF,0.8344827586206895,0.0002504275219872156,0.8579881656804734,0.03401060256653921
DUMMMS,0.7201970443349753,9.348753516454788e-05,0.7813702848344881,0.030270544284065098
DXMMMD,0.7753694581280788,0.0001855809324274687,0.8165728077232502,0.03184097009496827
SXMMMU,0.7123152709359606,0.00023977006550960974,0.7765876052027544,0.02863328488935891
ADMMMS,0.722167487684729,0.00015301849635589594,0.7825751734772552,0.029631923175186085
ASMMUS,0.7448275862068965,0.00015698238295329945,0.7967032967032966,0.030688047944055438
MXMMMF,0.7369458128078817,0.00012600563988137195,0.7917316692667706,0.03063671691362216
MMAXSU,0.7655172413793103,0.00017823217772362803,0.8100558659217877,0.03154379188171184
MMAIMI,0.81871921182266,0.0002492945884110039,0.8465387823185988,0.03323218962618479
MMAPMS,0.7399014778325123,0.00014712684150651296,0.7935887412040656,0.030525075208300327
MMAPUX,0.7113300492610837,9.832836018005804e-05,0.7759938837920489,0.02988129147607521
MMAPSS,0.6610837438423645,0.00016873342415061089,0.7468727005150846,0.02680687725138926
MMAFUF,0.6866995073891625,0.00018357003292185042,0.7614403600900225,0.027871623988254313
MMADII,0.24532019704433497,1.665894308317611e-05,0.5699045480067377,0.009760104908264193
MMASMP,0.8975369458128079,0.00035798157579733706,0.9070598748882931,0.03612799308903556
MMASUX,0.8354679802955665,0.00022499474224721883,0.8587140439932318,0.03421736157325884
MMAAFM,0.47487684729064034,7.857249491455032e-05,0.6556847545219638,0.01915139058386213
MMZMUS,0.5911330049261083,5.4410485224486285e-05,0.7097902097902098,0.024973261819816742
MMZMDX,0.6571428571428571,0.0002359542937844186,0.7446808510638298,0.02605572323939193
MMZMAD,0.8453201970443349,0.00027298663107863696,0.8660409556313993,0.034299074179651556
MMZMZA,0.49950738916256154,9.559761857280357e-05,0.6664478003939593,0.020065648287973612
MMZUUZ,0.8108374384236453,0.00020888450660627275,0.8409279204639603,0.033254063347755256
MMZUDX,0.6955665024630542,0.00010865464880984838,0.7666163141993958,0.02895553678568421
MMZUZZ,0.7280788177339901,0.0003074361999053746,0.7862122385747483,0.028841338572562616
MMZXXI,0.7763546798029556,0.0001966798937992232,0.8172302737520128,0.03177517636962464
MMZXIP,0.754679802955665,0.00016292828220015792,0.803006329113924,0.031111871243007086
MMZXDF,0.6857142857142856,9.866121176335517e-05,0.7608695652173914,0.028721300100894052
MMZFMS,0.81871921182266,0.0001929431693363763,0.8465387823185988,0.03372818252099857
MMZSZF,0.7743842364532019,0.00019789089272984135,0.8159163987138264,0.031708515442347734
MFMMUA,0.825615763546798,0.00027272319234040407,0.8515100671140939,0.033468005351342284
MSMMMU,0.7014778325123152,0.00011262486332843198,0.7701062215477997,0.02929252609771643
MSMMIX,0.8009852216748767,0.00020419646992583186,0.8340180772391126,0.032887740630045466
MZMMMP,0.825615763546798,0.00028584774368217556,0.8515100671140939,0.033473182644850656
MZMMUA,0.6078817733990147,0.0002078913854169565,0.7183297947629158,0.024055883756786616
MZMMXM,0.5753694581280788,6.0530536041601215e-05,0.7019363762102351,0.024110571872868428
UUMMMI,0.8758620689655172,0.0003119588302281499,0.8895705521472392,0.03545316713099866
UUMMXX,0.6581280788177339,6.793708667837751e-05,0.7452276064610867,0.027916350895867713
UUMMXI,0.6266009852216748,8.899991638441808e-05,0.7281205164992827,0.026266014589430023
UDMXXX,0.6374384236453201,0.00010373779685450018,0.7339117859725235,0.026673424552288463
UDMDXS,0.7566502463054187,0.00016506225026430394,0.8042789223454834,0.031170808330273064
UDMDPF,0.8778325123152708,0.0003302093401218497,0.8911325724319579,0.03532796563411426
UDMZUM,0.6926108374384236,0.00013168718885207988,0.7648831951770911,0.02865525767378173
UDUMIX,0.23546798029556648,3.553968118870519e-05,0.5667225013958682,0.008968054944859723
UDUMID,0.49064039408866994,5.604734410537536e-05,0.662532637075718,0.020490086732723203
UDUUXX,0.5142857142857142,3.687083811378135e-05,0.6730769230769231,0.021770881238246758
UDUUIX,0.7359605911330048,0.00017448265935329546,0.7911145752143414,0.03024147149069733
UDUDUD,0.5970443349753695,4.57381924676922e-05,0.7127808988764045,0.0253062109729823
UDUAUA,0.8591133004926108,0.0002781602338080689,0.8765112262521589,0.03484791529375186
UDUZMI,0.49162561576354674,6.707727884050121e-05,0.6629653821032006,0.020171410382132826
UDXDMF,0.7300492610837438,9.926887449416689e-05,0.7874321179208689,0.03067618176456465
UDIMMU,0.6246305418719211,8.357521054847567e-05,0.7270773638968482,0.026169422293826853
UDPXMF,0.7448275862068965,0.00014668692164382813,0.7967032967032966,0.030946067596266672
UDFFUZ,0.5773399014778324,9.07321834977951e-05,0.7029085872576177,0.024032725395555975
UDSFMA,0.7280788177339901,0.00019905682213570795,0.7862122385747483,0.029828062795209595
UDAUMX,0.6049261083743842,0.00016156028488725085,0.7168079096045198,0.024339422664233997
UDAXMP,0.2778325123152709,5.104737442280564e-05,0.5806636155606407,0.01063642468146396
UDZUMF,0.8039408866995074,0.00022215842176098182,0.8360790774299836,0.033004822220460556
UAMMUX,0.7339901477832512,0.00014152143633741748,0.7898832684824902,0.030434929142146145
XMMMMA,0.7763546798029556,0.0001387915563205089,0.8172302737520128,0.03232793893548648
XIIMMS,0.6916256157635468,8.833363376863547e-05,0.7643072289156626,0.02909440648056303
XIIMMA,0.7389162561576355,0.0001395843035381986,0.79296875,0.030726095609098288
XPMMMA,0.7566502463054187,0.0002010925980691214,0.8042789223454834,0.031029174661446654
XDMUMA,0.741871921182266,0.00010449959102115497,0.7948316366483946,0.031159768395936125
XDMUMZ,0.7211822660098521,9.178813927535805e-05,0.7819722650231125,0.030365177243250996
XSMMPU,0.747783251231527,0.00012069369652536576,0.7985837922895358,0.031238483216880473
IXMMMS,0.3251231527093596,1.906019052374176e-05,0.5970588235294118,0.013406068280732274
IZZMUU,0.6137931034482759,6.736657629710878e-05,0.7213930348258707,0.025801156814724568
PXMMMI,0.7536945812807881,0.0001213118944640723,0.8023715415019763,0.03150097134955433
PSMMMD,0.638423645320197,7.78492686471475e-05,0.7344428364688856,0.026786711557090573
FMUMUF,0.8019704433497536,0.00021825236653185995,0.834703947368421,0.032763189942811376
FMUMIX,0.8078817733990147,0.0002551600159547753,0.8388429752066116,0.032834567475147076
FMUMPD,0.7113300492610837,0.00024596747561069453,0.7759938837920489,0.028555403082945987
FMUMPZ,0.8394088669950738,0.00024024181659641617,0.8616298811544991,0.034207378882000844
FMUMFM,0.8561576354679802,0.00025111190373300915,0.8742463393626184,0.03487700129867453
FMUMDD,0.8059113300492611,0.0002291843344546351,0.8374587458745875,0.032750485317014355
FMXMXM,0.8679802955665024,0.00027460398243090475,0.8833768494342907,0.03526374729409223
FMXMPM,0.8699507389162561,0.0003629735330437669,0.8849171752397559,0.03495201201017502
FMXMPA,0.8354679802955665,0.0002387658724098067,0.8587140439932318,0.03409287436353827
MMPAMF,0.838423645320197,0.00024239049041938418,0.8608990670059372,0.03419940951048674
MMPAPM,0.851231527093596,0.00034232975812508506,0.8704974271012007,0.034278954092593746
MMPAFU,0.6275862068965516,7.038270289609665e-05,0.7286432160804021,0.02640325984262451
MMPADA,0.7280788177339901,0.00012515377666032305,0.7862122385747483,0.030251720995367343
MMPZPX,0.7517241379310344,0.00016293532878526484,0.8011049723756906,0.030894706438684028
MMPZAS,0.7379310344827585,0.00010671797594695693,0.7923497267759563,0.030930177814990766
MMFMMP,0.7280788177339901,0.00012515377666032305,0.7862122385747483,0.030251720995367343
MMFMMF,0.8827586206896552,0.000427859062657371,0.8950617283950617,0.035199015367677236
MMFMXZ,0.8453201970443349,0.00025688135529933876,0.8660409556313993,0.03442651693352693
MMFUMD,0.5960591133004925,6.0036524834126285e-05,0.712280701754386,0.025365581713307463
MMFUUX,0.6482758620689655,0.00017340831419104206,0.7397959183673469,0.02640197834664454
MMFUSD,0.6354679802955665,7.991894072181806e-05,0.7328519855595668,0.02664723654669081
MMFXXA,0.5753694581280788,4.568915676315441e-05,0.7019363762102351,0.024366757827644202
MMFXII,0.2669950738916256,3.3058184488190954e-05,0.5770324047754406,0.010196072998228027
MMFXIF,0.5596059113300492,2.1034533158836974e-05,0.6942544459644323,0.02418427651585077
MMFXDP,0.8689655172413793,0.00028408887867890714,0.8841463414634146,0.035296540149901606
MMFXZI,0.7379310344827585,0.00011227087213169807,0.7923497267759563,0.030870311895253515
MMFIMI,0.6857142857142856,0.00013957568612661848,0.7608695652173914,0.028250527906928415
MMFIUU,0.3615763546798029,2.834525482457375e-05,0.6103427540589297,0.014800532459798768
MMFIZD,0.8817733990147782,0.0003619019475383423,0.8942731277533039,0.035439028917151186
MMFPFI,0.7300492610837438,0.00014630292332293524,0.7874321179208689,0.030154900114325246
MMFFXM,0.7152709359605911,0.00014764600572671254,0.7783742331288344,0.02950399666355331
MMFFPU,0.8354679802955665,0.00029768619430774835,0.8587140439932318,0.033762381656455114
MMFDUX,0.8295566502463053,0.0002558042655752285,0.8543771043771043,0.03375032666953296
MMFDXM,0.6177339901477832,0.00010157233066472719,0.7234497505345688,0.02564692410012295
MMFDSP,0.8463054187192117,0.000353110984092021,0.8667805294619982,0.03393227699372359
MMFAUM,0.8088669950738916,0.00019246540378567133,0.8395368072787428,0.03330144660900082
MMFAXS,0.7605911330049261,0.00015881971339268744,0.8068362480127186,0.031383533501897855
MMFAPP,0.7064039408866994,0.0002094572852089712,0.773038842345773,0.028533780964742374
MMFAFU,0.6866995073891625,9.486975873390074e-05,0.7614403600900225,0.028861564145777164
MMDMMX,0.683743842364532,0.0001129781053676156,0.7597305389221557,0.028373561687376207
MMDUUI,0.7280788177339901,0.00014150899493397374,0.7862122385747483,0.03011232128119659
MMDUID,0.8758620689655172,0.00027795997065835457,0.8895705521472392,0.0355805418355077
MMDXXA,0.6886699507389162,0.00010344936994965391,0.7625845229151015,0.028683527772715142
MMDXIF,0.7635467980295566,0.00017793271906535102,0.8087649402390438,0.0315728841047659
MMDXSZ,0.8778325123152708,0.00036712097886036486,0.8911325724319579,0.0352158891710196
MMDIPF,0.7182266009852216,0.00011123862092047378,0.7801691006917756,0.029978330284476534
MMDFMX,0.516256157635468,0.00011263848038315624,0.6739707835325365,0.02062233632985396
MMDFZF,0.4896551724137931,4.992022062973122e-05,0.6621004566210046,0.020287088749190968
MMDDSU,0.8167487684729063,0.0002183580689859583,0.8451290591174022,0.03341734342844118
MMDDSF,0.8137931034482758,0.00024226784999368842,0.8430232558139535,0.03309248822556449
MMDSUA,0.9241379310344827,0.00038273400396102413,0.9294871794871795,0.03706821881691546
MMDSFZ,0.8807881773399014,0.00032440115473752855,0.8934859154929577,0.035549302204963294
MMDSDA,0.5004926108374383,7.458550441492689e-05,0.6668856767411301,0.020498189694227915
MMDSSF,0.7842364532019703,0.00027330088129889896,0.8225283630470016,0.03155578001545444
MMDASS,0.9024630541871921,0.0003593016252523549,0.9111310592459605,0.03625656345945038
MMDZXI,0.5950738916256157,7.621992498611881e-05,0.711781206171108,0.024864994352445033
MMDZAU,0.7310344827586206,0.0001461303241061369,0.7880434782608695,0.03020782840650979
MMSMDD,0.7438423645320197,0.00018972611961831187,0.796078431372549,0.030308485959506325
MMSMAP,0.825615763546798,0.00023044049354904172,0.8515100671140939,0.03376624753185332
MMSUFU,0.6118226600985222,5.808742928269453e-05,0.7203690560681334,0.025881949199827562
MMSIMA,0.780295566502463,0.000159624743899157,0.8198707592891761,0.032334569030863666
MMSPUX,0.7201970443349753,0.00010677410747555244,0.7813702848344881,0.030112025166081604
MMSFII,0.6955665024630542,0.00011498129124391381,0.7666163141993958,0.028902553248852204
MMSFPA,0.7458128078817733,0.00014827824634406844,0.7973291437549097,0.03077355643324258
MMSFPZ,0.5970443349753695,0.00011793305117772342,0.7127808988764045,0.02462979552817666
MMSFZX,0.7517241379310344,0.00016778161027250008,0.8011049723756906,0.03095711918266911
MMSDSU,0.7467980295566502,0.00017658257054284707,0.7979559748427673,0.030702809433868408
MMSZXI,0.8748768472906403,0.00030226830205657004,0.8887915936952715,0.03549538221198061
MMAMZZ,0.38128078817733985,6.982897509114534e-05,0.6177723676202069,0.014836262585993909
MMAUXM,0.4364532019704433,5.140909296118877e-05,0.6395715185885318,0.017819246753303514
MMAUDD,0.7054187192118226,9.828507194869887e-05,0.7724505327245054,0.029598584096556337
MMAUSP,0.7852216748768472,0.00017722519531418102,0.8231954582319546,0.032304720530165934
MMAUAA,0.7300492610837438,0.00021186205038382444,0.7874321179208689,0.02951889812592121
MMAXIP,0.8059113300492611,0.0002069513900679909,0.8374587458745875,0.033139611483128405
MMAXPM,0.8541871921182266,0.0002949595991529695,0.8727429062768701,0.03457895163754399
MMXPSX,0.8059113300492611,0.00019462089438781904,0.8374587458745875,0.03315326707323712
MMXFDM,0.3487684729064039,3.030728761588771e-05,0.6056085918854416,0.014278284660829952
MMXDXU,0.8197044334975369,0.0002457831254812471,0.8472454090150251,0.03340634430577096
MMXDDX,0.8049261083743842,0.00020585339713066693,0.8367683429513603,0.03302504508414116
MMXSMA,0.6049261083743842,5.450842229881954e-05,0.7168079096045198,0.02555623988855361
MMXZUZ,0.6088669950738915,5.478487824846255e-05,0.7188385269121813,0.025728879628294277
MMXZIA,0.7241379310344827,0.0001102000143042281,0.7837837837837838,0.030278428515277706
MMXZDS,0.7812807881773398,0.00018548875818420068,0.8205335489086499,0.032268425040021066
MMIMIX,0.6394088669950738,9.109621573410857e-05,0.7349746560463433,0.02666787941148906
MMIMZF,0.5990147783251231,4.369010090871217e-05,0.7137834036568214,0.025420743724993006
MMIIMP,0.44334975369458124,8.288027062108474e-05,0.6424050632911392,0.01768279263207024
MMIIII,0.7083743842364532,0.00013519893246277247,0.7742181540808543,0.029391882106997537
MMIPPD,0.5241379310344827,0.00011253459319469438,0.677570093457944,0.02106578572139394
MMIFAU,0.5881773399014778,3.963050694486415e-05,0.7083042568039079,0.025021728567553116
MMIDIP,0.6729064039408866,0.0001035808320873556,0.7535263548626577,0.028272460748067316
MMISUI,0.44827586206896547,9.020871656197771e-05,0.6444444444444445,0.017912489413175064
MMISUF,0.7901477832512315,0.00020447193004179424,0.8265472312703583,0.032327037476676576
MMISPZ,0.8581280788177339,0.00032202556503980225,0.8757549611734253,0.034534281960728316
MMPMPM,0.6049261083743842,4.6631200374797824e-05,0.7168079096045198,0.025625642701306683
MMPUUZ,0.8955665024630541,0.00037363815441470946,0.9054415700267618,0.035951738934343586
MMPUIA,0.7044334975369457,0.00015378495516398148,0.7718631178707225,0.02902017238552865
MMPXMZ,0.8216748768472906,0.0002630446335518854,0.8486622073578596,0.033339703233133525
MMPIFS,0.8157635467980295,0.0002207517006371889,0.8444259567387687,0.03351635798237801
MMPIZI,0.7743842364532019,0.0002447017494749012,0.8159163987138264,0.03150900050233067
MMPPFD,0.8926108374384236,0.00036964034905819973,0.9030249110320284,0.03584403077300396
MMPPSF,0.6788177339901478,0.0002761356588908806,0.7568978374347501,0.026746391686360935
MMMMUU,0.683743842364532,0.00019238481810487704,0.7597305389221557,0.02781579179659919
MMMUDS,0.9064039408866994,0.00034154523176555907,0.9144144144144144,0.03649191416838408
MMMXXM,0.6039408866995073,4.842710876647881e-05,0.7163020465772759,0.02559055116218163
MMMPFX,0.5517241379310345,4.4735748869018145e-05,0.6904761904761905,0.0232806748361896
MMMFIX,0.7211822660098521,0.00010145452846150446,0.7819722650231125,0.030228597111919966
MMMFFU,0.7142857142857142,0.00013441450786186713,0.7777777777777778,0.02976291039648004
MMMFSP,0.8729064039408866,0.00030872340669209786,0.8872377622377622,0.03528708382449577
MMMFZF,0.7714285714285714,0.000174982153233507,0.813953488372093,0.03181979950363066
MMMDUZ,0.7615763546798029,0.00019941337097729634,0.807478122513922,0.031066485224831377
MMMDXA,0.7655172413793103,0.00017823217772362803,0.8100558659217877,0.03154379188171184
MMMDAP,0.722167487684729,0.00010307043178984876,0.7825751734772552,0.030322084606586353
MMMSUU,0.5822660098522167,6.147875808180761e-05,0.7053509381514941,0.02447747579634795
MMMSFU,0.722167487684729,0.00013818894702805038,0.7825751734772552,0.029949201676380488
MMMSDU,0.8975369458128079,0.00033300108125515726,0.9070598748882931,0.03617296493095608
MMMSSA,0.7004926108374384,0.00012217250928628804,0.7695223654283548,0.02912589178591049
MMMAIU,0.6078817733990147,5.011078347080878e-05,0.7183297947629158,0.025722882332881402
MMMAPF,0.8039408866995074,0.000223409986394019,0.8360790774299836,0.032787337440571204
MMMASA,0.6019704433497537,4.9473838610892756e-05,0.715292459478506,0.025476711570309823
MMMAAM,0.8650246305418718,0.00031112071320882676,0.8810763888888888,0.03491771503767798
MMMZIZ,0.8699507389162561,0.000292400213178742,0.8849171752397559,0.03520403599855885
MMMZDM,0.5497536945812808,5.290659505155578e-05,0.6895380434782609,0.023133497840032647
MMMZSZ,0.5802955665024631,0.00012402870495684524,0.7043719639139486,0.023432542451455457
MMUMMP,0.7783251231527093,0.00020585935037252084,0.8185483870967742,0.03181687459836901
MMUMXS,0.7625615763546797,0.00023802003689712883,0.8081210191082803,0.030988945829681838
MMUMIM,0.7320197044334975,0.0001319368098295735,0.7886557886557887,0.030476596043214416
MMUMPP,0.5950738916256157,0.00010715820890548153,0.711781206171108,0.02482728156453392
MMUUUX,0.8137931034482758,0.00023981541786389108,0.8430232558139535,0.033203568476937693
MMUUPP,0.8108374384236453,0.0002736098495084144,0.8409279204639603,0.03290120901455019
MMUUSU,0.70935960591133,9.784270278640213e-05,0.7748091603053435,0.029813129153365956
MMUUSA,0.7300492610837438,0.00019825212298542108,0.7874321179208689,0.02966723656456371
MMUUAP,0.8147783251231526,0.00018559904369111358,0.8437240232751455,0.03362736568529556
MMUUAD,0.6955665024630542,0.0002134000633827797,0.7666163141993958,0.028022952186836692
MMUUZI,0.81871921182266,0.00019715579719047416,0.8465387823185988,0.033680568252541544
MMUUZF,0.7339901477832512,0.00017119596498042227,0.7898832684824902,0.03042610348264465
MMUXUD,0.786206896551724,0.00022445077793147497,0.8238636363636364,0.032087929239272284
MMUXIM,0.6206896551724137,7.720711562287292e-05,0.725,0.026030082211437055
MMUIMM,0.6157635467980295,0.0002107327743007922,0.7224199288256228,0.024406995883082577
MMUIMX,0.16650246305418717,8.12032406010382e-06,0.5454056958624396,0.006555839783116266
MMUIXM,0.825615763546798,0.00023858250033708718,0.8515100671140939,0.03374145255559841
MMUIDF,0.7379310344827585,0.00020209534734356595,0.7923497267759563,0.030145770905712743
MMUIAX,0.7507389162561576,0.000164356259571572,0.8004731861198738,0.030988359878412298
MMUIAP,0.7527093596059112,0.0001427492128918171,0.80173775671406,0.0311679283619434
MMUPUU,0.8876847290640394,0.0003586075933624373,0.8990256864481843,0.035605177677899946
MMUPUS,0.6108374384236452,6.83296117892174e-05,0.7198581560283688,0.02570185734026466
MMUPAM,0.6354679802955665,0.00021481442551604736,0.7328519855595668,0.02526970407986613
MMUFIF,0.8344827586206895,0.00023662037501334145,0.8579881656804734,0.03407901408665268
MMUFPA,0.8571428571428571,0.00029622311693632957,0.875,0.03468130154059293
MMUFDI,0.7408866995073891,0.0001506079464910119,0.7942097026604069,0.03075476525526639
MMUFAI,0.638423645320197,0.000160852189732745,0.7344428364688856,0.025880385318735023
MMUDMS,0.45418719211822656,7.592973781668879e-05,0.6469088591459529,0.01832376527305966
MMUDXI,0.8532019704433497,0.0003090662718605589,0.8719931271477663,0.03441765985329629
MMUDSA,0.5142857142857142,0.00011474698250184,0.6730769230769231,0.020715140454712826
MMUSUS,0.6068965517241379,4.93468491021178e-05,0.7178217821782178,0.025692442469365667
MMUSIZ,0.8551724137931034,0.0003096727309197284,0.8734939759036144,0.03448913734050097
MMUSPI,0.3714285714285714,4.881165795912216e-05,0.6140350877192983,0.01514657421744276
MMUSDP,0.6581280788177339,0.00014488132122786877,0.7452276064610867,0.026942544076875335
MMUSDD,0.5330049261083744,5.101359066749817e-05,0.6816655473472129,0.02237107619300241
MMUAXZ,0.8817733990147782,0.0003448121830179404,0.8942731277533039,0.03545392464594974
MMUAIX,0.8029556650246304,0.00022701383380970255,0.8353909465020576,0.03293977580857771
MMUAFS,0.8660098522167488,0.0002687147816041778,0.8818418766290183,0.03524132031845159
MMUASA,0.7320197044334975,0.00012360481564402918,0.7886557886557887,0.03058652887400439
MMUAZA,0.7389162561576355,0.00012880049786917762,0.79296875,0.03086006918137476
MMUZUF,0.6995073891625615,0.0001337432524683854,0.7689393939393939,0.028918245521022058
MMUZXS,0.664039408866995,8.474891759603447e-05,0.7485250737463127,0.028054016983406652
MMXMZF,0.6275862068965516,0.0001777003209192541,0.7286432160804021,0.02511877760100445
MMXUXI,0.7635467980295566,0.00023574768195338207,0.8087649402390438,0.031167805590097047
MMXUFZ,0.7142857142857142,0.00014088391476577204,0.7777777777777778,0.029600235997811166
MMXUAX,0.8492610837438423,0.0002896816192912527,0.8690068493150684,0.03441489044543037
MMXXUX,0.7596059113300492,0.00019640962290420013,0.8061953931691819,0.031104249620785545
MMXXPZ,0.7497536945812807,0.0002225757356848891,0.7998423955870765,0.03034771358989722
MMXXFA,0.8798029556650245,0.00033113945265097355,0.8927000879507476,0.03544021841720821
MMXIMM,0.6305418719211822,6.318414145269501e-05,0.7302158273381295,0.02660385686643206
MMXPMA,0.6108374384236452,8.089652094234744e-05,0.7198581560283688,0.025571369479631064
FUZMXM,0.6147783251231527,0.00011633415184953571,0.7219061166429588,0.02537216812237371
MMAXAI,0.6403940886699507,0.00013637870673468885,0.7355072463768116,0.026143390211521185
MMZUIS,0.6669950738916256,0.00016651203998609596,0.7501847745750185,0.02700504416305586
UAMMXM,0.438423645320197,9.776002250539959e-05,0.6403785488958991,0.017537889336185494
XFFMUM,0.5802955665024631,9.62672478357892e-05,0.7043719639139486,0.023813237335084555
XFSMIM,0.5812807881773399,9.574984451813469e-05,0.7048611111111112,0.023869818704739202
XDMUUF,0.28472906403940884,5.022502926404316e-05,0.5829982768523837,0.010959785680842922
XZMMUX,0.4197044334975369,8.013811694032084e-05,0.6327930174563591,0.01695064603597545
MMPSMX,0.5960591133004925,0.00010687737901502986,0.712280701754386,0.024453855334223933
MMFXSM,0.7280788177339901,0.00022742762363396564,0.7862122385747483,0.029510550497854234
MMFZSM,0.69064039408867,0.00016848247783745812,0.763732129420617,0.028220615218597297
MMDADI,0.5684729064039409,7.945550305933111e-05,0.698554714384033,0.0234820217117935
MMIXIX,0.5950738916256157,0.00010196630878472483,0.711781206171108,0.024472957348684113
MMPFXU,0.7152709359605911,0.00019911582271336042,0.7783742331288344,0.029016362895941363
MMUSAX,0.16551724137931034,1.3527313801324218e-05,0.5451127819548872,0.0064326474445326656
MXMMUA,0.7152709359605911,0.0001787901182896673,0.7783742331288344,0.029300903869212545
MMAASU,0.5733990147783251,0.00011977693117097222,0.7009668508287292,0.023267834471908656
MMZUXD,0.3458128078817734,4.2681177440848636e-05,0.604526503871352,0.013703150787097634
MMZIZP,0.3694581280788177,7.346003142959194e-05,0.6132930513595166,0.014558567033168825
MSMMXS,0.605911330049261,0.00011239721257040284,0.7173144876325088,0.024862327796999657
MSMMZZ,0.6068965517241379,0.00011000686429140937,0.7178217821782178,0.02502054272772387
UDMXUA,0.3793103448275862,7.315330732189381e-05,0.6170212765957447,0.014906060177351962
UDMZUD,0.7113300492610837,0.00020523556592740185,0.7759938837920489,0.028776756636148638
UDUMXS,0.412807881773399,6.18066697028665e-05,0.6300434512725015,0.016754272882778594
UDUMXZ,0.4866995073891625,0.00010818921564561428,0.6608072916666666,0.01951999578528233
UDPPMI,0.26206896551724135,1.9360987240631992e-05,0.5753968253968254,0.010811041670957918
XSMMMU,0.33891625615763543,4.267144163129109e-05,0.6020166073546857,0.013375398307986636
XSMMMA,0.6788177339901478,0.0001829346949382655,0.7568978374347501,0.02749035075790076
XSMMXF,0.5113300492610837,9.346129479428595e-05,0.671740569159497,0.020874299198683888
FMUMUD,0.4068965517241379,5.5000577906786616e-05,0.6277056277056277,0.016611641175700183
FMXMFI,0.3586206896551724,4.719365019299609e-05,0.6092436974789915,0.014505528247834494
MMFIIF,0.47881773399014776,8.287481367239909e-05,0.6573834196891192,0.019353732708873122
MMFSUU,0.6374384236453201,0.0001424788561279285,0.7339117859725235,0.025889560975796682
MMDUIA,0.554679802955665,0.00011798096327367085,0.6918882072256305,0.02227836229531861
MMSZPP,0.6394088669950738,0.00012980022207140227,0.7349746560463433,0.02611503806462801
MMXDXP,0.5113300492610837,9.346129479428595e-05,0.671740569159497,0.020874299198683888
MMIXIM,0.5054187192118226,3.983878521326955e-05,0.6690837178642056,0.021209243510181306
MMMSPS,0.5113300492610837,9.346129479428595e-05,0.671740569159497,0.020874299198683888
MMMASM,0.6,0.0001065677703732149,0.7142857142857143,0.024753377789180707
MMUFFX,0.48472906403940885,8.516206649556205e-05,0.6599479843953185,0.01975279665345136
MMUSDI,0.19605911330049258,2.0830712126090483e-05,0.5543418896777718,0.007226168080655197
MMUAIA,0.1438423645320197,4.475191359370139e-06,0.5387473460721869,0.0054857182275979645
MMAFPF,0.7172413793103448,0.00015616630743722358,0.7795698924731183,0.029452733654702107
MSMMUZ,0.5369458128078818,9.071686611801065e-05,0.6835016835016835,0.02193798662941813
UDXDMS,0.5399014778325123,0.0001126564780173562,0.684885290148448,0.02195080618622695
MMFIZF,0.7832512315270935,0.00022833854416546106,0.8218623481781376,0.031787394864249405
MMFFMF,0.33300492610837434,2.9171504036732652e-05,0.5998817966903073,0.013326678081819757
MMFFSD,0.5054187192118226,0.00010463611580938796,0.6690837178642056,0.0203478279002337
MMFDDX,0.6532019704433497,0.00015583209775135208,0.7425018288222385,0.026472335968977925
MMDDFX,0.6630541871921182,0.0001712985137879303,0.7479734708916728,0.02684225631027972
MMXDAF,0.4443349753694581,3.8714779457817235e-05,0.642811906269791,0.018465056433823526
MMIPUI,0.32413793103448274,4.096698868534709e-05,0.5967078189300411,0.012740328718200303
MMMSSX,0.5339901477832512,0.00010895447075219904,0.6821236559139785,0.021723892899449735
MMUFMM,0.7162561576354679,0.0001860161884296803,0.7789716039907905,0.029155500813873574
MMUFXU,0.5083743842364532,0.0001180398082351633,0.6704095112285336,0.020411182154994493
DAAAAA,0.6088669950738915,0.00012330268691488643,0.7188385269121813,0.024801320770950253
UDMFXS,0.722167487684729,0.00021400431733918602,0.7825751734772552,0.029210197211426713
XFSMPM,0.5251231527093596,7.389829237305032e-05,0.6780227120908484,0.021607102061533642
IZIMMU,0.44532019704433495,4.693039500765331e-05,0.6432192648922687,0.01827018980279865
MMFXDS,0.6197044334975369,0.0001335147777855234,0.7244825124910778,0.02512813184760798
MMFZIS,0.6315270935960591,0.0001329827509451454,0.7307415406767459,0.025716790448095442
MMDFDS,0.32413793103448274,4.40981558616931e-05,0.5967078189300411,0.012794067679468528
MMDDXP,0.34679802955665023,4.998570251055419e-05,0.6048867699642432,0.013733004893847678
MMPIFF,0.5802955665024631,0.000134949576557014,0.7043719639139486,0.023469925373418684
MMMXFU,0.5527093596059113,8.451841093002493e-05,0.6909462219196733,0.022694663332643812
MMUIZX,0.5743842364532019,9.785248456169736e-05,0.7014512785072564,0.023597332287327723
MMXIAS,0.5113300492610837,8.949690092108754e-05,0.671740569159497,0.020681041225366025
UDUUXU,0.34679802955665023,1.738422876326778e-05,0.6048867699642432,0.014446300411152267
MMDPSS,0.37241379310344824,2.9169676847938585e-05,0.614406779661017,0.015100767580676317
UDIUUI,0.2768472906403941,7.1670044604495685e-06,0.5803316180674671,0.011609670234542515
FMXMUM,0.2768472906403941,7.1670044604495685e-06,0.5803316180674671,0.011609670234542515
UDFFXF,0.0857142857142857,1.0406066547298583e-06,0.5223880597014925,0.0034168881080283847
